<?xml version="1.0" encoding="UTF-8" ?>
<gpx version="1.1" creator="https://liberty-rider.com" xmlns:xsi="http://www.w3.org/2001/XMLSchema-instance"
  xmlns="http://www.topografix.com/GPX/1/1"
  xsi:schemaLocation="http://www.topografix.com/GPX/1/1 http://www.topografix.com/GPX/1/1/gpx.xsd">
  <metadata>
    <name>anterioux-thauvenay</name>
    <link href="https://liberty-rider.com"><text>liberty-rider.com</text></link>
  </metadata>
  <rte>
    
    <rtept lat="45.72638" lon="2.9048">
      <name>WP1</name>
    </rtept>

    <rtept lat="45.73226" lon="2.90458">
      <name>WP2</name>
    </rtept>

    <rtept lat="45.7415" lon="2.90869">
      <name>WP3</name>
    </rtept>

    <rtept lat="45.77289" lon="2.88618">
      <name>WP4</name>
    </rtept>

    <rtept lat="45.82457" lon="2.88133">
      <name>WP5</name>
    </rtept>

    <rtept lat="45.83714" lon="2.8998">
      <name>WP6</name>
    </rtept>

    <rtept lat="45.9233" lon="2.95067">
      <name>WP7</name>
    </rtept>

    <rtept lat="45.96504" lon="2.95502">
      <name>WP8</name>
    </rtept>

    <rtept lat="45.97313" lon="2.95433">
      <name>WP9</name>
    </rtept>

    <rtept lat="45.97544" lon="2.95867">
      <name>WP10</name>
    </rtept>

    <rtept lat="45.97684" lon="2.96094">
      <name>WP11</name>
    </rtept>

    <rtept lat="45.98265" lon="2.96779">
      <name>WP12</name>
    </rtept>

    <rtept lat="45.98967" lon="2.97098">
      <name>WP13</name>
    </rtept>

    <rtept lat="45.99544" lon="2.97173">
      <name>WP14</name>
    </rtept>

    <rtept lat="46.01149" lon="2.97903">
      <name>WP15</name>
    </rtept>

    <rtept lat="46.01605" lon="2.97608">
      <name>WP16</name>
    </rtept>

    <rtept lat="46.02402" lon="3.02584">
      <name>WP17</name>
    </rtept>

    <rtept lat="46.07304" lon="3.07487">
      <name>WP18</name>
    </rtept>

    <rtept lat="46.10434" lon="3.09066">
      <name>WP19</name>
    </rtept>

    <rtept lat="46.11035" lon="3.10372">
      <name>WP20</name>
    </rtept>

    <rtept lat="46.14802" lon="3.18999">
      <name>WP21</name>
    </rtept>

    <rtept lat="46.16864" lon="3.22355">
      <name>WP22</name>
    </rtept>

    <rtept lat="46.17837" lon="3.24003">
      <name>WP23</name>
    </rtept>

    <rtept lat="46.18241" lon="3.2486">
      <name>WP24</name>
    </rtept>

    <rtept lat="46.18747" lon="3.24946">
      <name>WP25</name>
    </rtept>

    <rtept lat="46.18994" lon="3.25398">
      <name>WP26</name>
    </rtept>

    <rtept lat="46.19361" lon="3.2573">
      <name>WP27</name>
    </rtept>

    <rtept lat="46.19651" lon="3.2639">
      <name>WP28</name>
    </rtept>

    <rtept lat="46.20184" lon="3.26456">
      <name>WP29</name>
    </rtept>

    <rtept lat="46.2218" lon="3.26107">
      <name>WP30</name>
    </rtept>

    <rtept lat="46.2644" lon="3.27399">
      <name>WP31</name>
    </rtept>

    <rtept lat="46.28937" lon="3.27226">
      <name>WP32</name>
    </rtept>

    <rtept lat="46.29556" lon="3.27747">
      <name>WP33</name>
    </rtept>

    <rtept lat="46.31224" lon="3.29295">
      <name>WP34</name>
    </rtept>

    <rtept lat="46.31599" lon="3.29103">
      <name>WP35</name>
    </rtept>

    <rtept lat="46.32657" lon="3.29225">
      <name>WP36</name>
    </rtept>

    <rtept lat="46.33374" lon="3.28959">
      <name>WP37</name>
    </rtept>

    <rtept lat="46.34022" lon="3.30049">
      <name>WP38</name>
    </rtept>

    <rtept lat="46.34112" lon="3.30246">
      <name>WP39</name>
    </rtept>

    <rtept lat="46.34161" lon="3.3037">
      <name>WP40</name>
    </rtept>

    <rtept lat="46.36007" lon="3.30501">
      <name>WP41</name>
    </rtept>

    <rtept lat="46.39767" lon="3.30907">
      <name>WP42</name>
    </rtept>

    <rtept lat="46.48407" lon="3.25654">
      <name>WP43</name>
    </rtept>

    <rtept lat="46.63648" lon="3.12548">
      <name>WP44</name>
    </rtept>

    <rtept lat="46.69256" lon="3.08021">
      <name>WP45</name>
    </rtept>

    <rtept lat="46.71002" lon="3.06812">
      <name>WP46</name>
    </rtept>

    <rtept lat="46.71996" lon="3.06222">
      <name>WP47</name>
    </rtept>

    <rtept lat="46.72972" lon="3.05419">
      <name>WP48</name>
    </rtept>

    <rtept lat="46.74405" lon="3.04014">
      <name>WP49</name>
    </rtept>

    <rtept lat="46.83829" lon="3.03601">
      <name>WP50</name>
    </rtept>

    <rtept lat="46.89523" lon="3.04879">
      <name>WP51</name>
    </rtept>

    <rtept lat="46.92311" lon="3.05592">
      <name>WP52</name>
    </rtept>

    <rtept lat="46.95265" lon="3.0558">
      <name>WP53</name>
    </rtept>

    <rtept lat="46.98561" lon="3.04608">
      <name>WP54</name>
    </rtept>

    <rtept lat="47.00487" lon="3.03833">
      <name>WP55</name>
    </rtept>

    <rtept lat="47.01653" lon="3.03484">
      <name>WP56</name>
    </rtept>

    <rtept lat="47.06047" lon="3.02092">
      <name>WP57</name>
    </rtept>

    <rtept lat="47.10969" lon="3.00889">
      <name>WP58</name>
    </rtept>

    <rtept lat="47.13139" lon="3.00559">
      <name>WP59</name>
    </rtept>

    <rtept lat="47.15857" lon="2.99185">
      <name>WP60</name>
    </rtept>

    <rtept lat="47.18433" lon="2.9852">
      <name>WP61</name>
    </rtept>

    <rtept lat="47.21267" lon="2.96656">
      <name>WP62</name>
    </rtept>

    <rtept lat="47.2254" lon="2.95494">
      <name>WP63</name>
    </rtept>

    <rtept lat="47.23764" lon="2.9483">
      <name>WP64</name>
    </rtept>

    <rtept lat="47.2668" lon="2.93269">
      <name>WP65</name>
    </rtept>

    <rtept lat="47.30054" lon="2.86675">
      <name>WP66</name>
    </rtept>
  </rte>
  <trk>
    <name>Track anterioux-thauvenay</name>
    <trkseg>
      <trkpt lat="45.72638" lon="2.9048"></trkpt>
<trkpt lat="45.72643" lon="2.90487"></trkpt>
<trkpt lat="45.72656" lon="2.90492"></trkpt>
<trkpt lat="45.72667" lon="2.90493"></trkpt>
<trkpt lat="45.72788" lon="2.90488"></trkpt>
<trkpt lat="45.72795" lon="2.90486"></trkpt>
<trkpt lat="45.72817" lon="2.90476"></trkpt>
<trkpt lat="45.72853" lon="2.90474"></trkpt>
<trkpt lat="45.72862" lon="2.90475"></trkpt>
<trkpt lat="45.72868" lon="2.90476"></trkpt>
<trkpt lat="45.72898" lon="2.9048"></trkpt>
<trkpt lat="45.72928" lon="2.90484"></trkpt>
<trkpt lat="45.72936" lon="2.90481"></trkpt>
<trkpt lat="45.72958" lon="2.90472"></trkpt>
<trkpt lat="45.73017" lon="2.9046"></trkpt>
<trkpt lat="45.73032" lon="2.90455"></trkpt>
<trkpt lat="45.7304" lon="2.90448"></trkpt>
<trkpt lat="45.73054" lon="2.90439"></trkpt>
<trkpt lat="45.73085" lon="2.90443"></trkpt>
<trkpt lat="45.73111" lon="2.90448"></trkpt>
<trkpt lat="45.73133" lon="2.9045"></trkpt>
<trkpt lat="45.73166" lon="2.90452"></trkpt>
<trkpt lat="45.73204" lon="2.90452"></trkpt>
<trkpt lat="45.73214" lon="2.90454"></trkpt>
<trkpt lat="45.73225" lon="2.90458"></trkpt>
<trkpt lat="45.73226" lon="2.90458"></trkpt>
<trkpt lat="45.73226" lon="2.90458"></trkpt>
<trkpt lat="45.73269" lon="2.90477"></trkpt>
<trkpt lat="45.73319" lon="2.90496"></trkpt>
<trkpt lat="45.73334" lon="2.90503"></trkpt>
<trkpt lat="45.73362" lon="2.90521"></trkpt>
<trkpt lat="45.7337" lon="2.90524"></trkpt>
<trkpt lat="45.73382" lon="2.90524"></trkpt>
<trkpt lat="45.734" lon="2.90522"></trkpt>
<trkpt lat="45.73428" lon="2.90523"></trkpt>
<trkpt lat="45.73472" lon="2.90536"></trkpt>
<trkpt lat="45.73524" lon="2.90544"></trkpt>
<trkpt lat="45.73547" lon="2.90541"></trkpt>
<trkpt lat="45.73559" lon="2.90538"></trkpt>
<trkpt lat="45.73568" lon="2.90539"></trkpt>
<trkpt lat="45.73576" lon="2.90542"></trkpt>
<trkpt lat="45.73586" lon="2.9055"></trkpt>
<trkpt lat="45.73596" lon="2.90599"></trkpt>
<trkpt lat="45.73599" lon="2.90584"></trkpt>
<trkpt lat="45.73601" lon="2.90589"></trkpt>
<trkpt lat="45.73638" lon="2.90627"></trkpt>
<trkpt lat="45.73665" lon="2.90653"></trkpt>
<trkpt lat="45.73676" lon="2.90661"></trkpt>
<trkpt lat="45.7369" lon="2.90668"></trkpt>
<trkpt lat="45.73945" lon="2.90777"></trkpt>
<trkpt lat="45.73996" lon="2.90802"></trkpt>
<trkpt lat="45.74026" lon="2.90815"></trkpt>
<trkpt lat="45.74055" lon="2.90825"></trkpt>
<trkpt lat="45.74113" lon="2.90853"></trkpt>
<trkpt lat="45.7415" lon="2.90869"></trkpt>
<trkpt lat="45.7415" lon="2.90869"></trkpt>
<trkpt lat="45.74211" lon="2.90894"></trkpt>
<trkpt lat="45.74235" lon="2.90906"></trkpt>
<trkpt lat="45.74258" lon="2.90917"></trkpt>
<trkpt lat="45.74276" lon="2.90923"></trkpt>
<trkpt lat="45.7436" lon="2.90957"></trkpt>
<trkpt lat="45.74383" lon="2.90964"></trkpt>
<trkpt lat="45.74468" lon="2.90962"></trkpt>
<trkpt lat="45.74481" lon="2.90963"></trkpt>
<trkpt lat="45.74492" lon="2.90967"></trkpt>
<trkpt lat="45.745" lon="2.90972"></trkpt>
<trkpt lat="45.74533" lon="2.91007"></trkpt>
<trkpt lat="45.74542" lon="2.91014"></trkpt>
<trkpt lat="45.74575" lon="2.91034"></trkpt>
<trkpt lat="45.74585" lon="2.91038"></trkpt>
<trkpt lat="45.74594" lon="2.91039"></trkpt>
<trkpt lat="45.74622" lon="2.91041"></trkpt>
<trkpt lat="45.74631" lon="2.9104"></trkpt>
<trkpt lat="45.7464" lon="2.91045"></trkpt>
<trkpt lat="45.74647" lon="2.91052"></trkpt>
<trkpt lat="45.74657" lon="2.91065"></trkpt>
<trkpt lat="45.74719" lon="2.91162"></trkpt>
<trkpt lat="45.74727" lon="2.9118"></trkpt>
<trkpt lat="45.74732" lon="2.91195"></trkpt>
<trkpt lat="45.74734" lon="2.91205"></trkpt>
<trkpt lat="45.74736" lon="2.91252"></trkpt>
<trkpt lat="45.7474" lon="2.91266"></trkpt>
<trkpt lat="45.74751" lon="2.91288"></trkpt>
<trkpt lat="45.74783" lon="2.91351"></trkpt>
<trkpt lat="45.74803" lon="2.91397"></trkpt>
<trkpt lat="45.74811" lon="2.91421"></trkpt>
<trkpt lat="45.74818" lon="2.91455"></trkpt>
<trkpt lat="45.7481" lon="2.91607"></trkpt>
<trkpt lat="45.74812" lon="2.91622"></trkpt>
<trkpt lat="45.74816" lon="2.91638"></trkpt>
<trkpt lat="45.74831" lon="2.91662"></trkpt>
<trkpt lat="45.74848" lon="2.91683"></trkpt>
<trkpt lat="45.74856" lon="2.91699"></trkpt>
<trkpt lat="45.74862" lon="2.91715"></trkpt>
<trkpt lat="45.74865" lon="2.91728"></trkpt>
<trkpt lat="45.74869" lon="2.9176"></trkpt>
<trkpt lat="45.74873" lon="2.91771"></trkpt>
<trkpt lat="45.7488" lon="2.91783"></trkpt>
<trkpt lat="45.74905" lon="2.91815"></trkpt>
<trkpt lat="45.74913" lon="2.91818"></trkpt>
<trkpt lat="45.74917" lon="2.91817"></trkpt>
<trkpt lat="45.74923" lon="2.91813"></trkpt>
<trkpt lat="45.74929" lon="2.91806"></trkpt>
<trkpt lat="45.74933" lon="2.91797"></trkpt>
<trkpt lat="45.74939" lon="2.91749"></trkpt>
<trkpt lat="45.74942" lon="2.91735"></trkpt>
<trkpt lat="45.74949" lon="2.91718"></trkpt>
<trkpt lat="45.74954" lon="2.9171"></trkpt>
<trkpt lat="45.74965" lon="2.91698"></trkpt>
<trkpt lat="45.74973" lon="2.91692"></trkpt>
<trkpt lat="45.74985" lon="2.91687"></trkpt>
<trkpt lat="45.75001" lon="2.91683"></trkpt>
<trkpt lat="45.75043" lon="2.91685"></trkpt>
<trkpt lat="45.75069" lon="2.9169"></trkpt>
<trkpt lat="45.75076" lon="2.9169"></trkpt>
<trkpt lat="45.75087" lon="2.91679"></trkpt>
<trkpt lat="45.75103" lon="2.91645"></trkpt>
<trkpt lat="45.75115" lon="2.91597"></trkpt>
<trkpt lat="45.75127" lon="2.91561"></trkpt>
<trkpt lat="45.75129" lon="2.9155"></trkpt>
<trkpt lat="45.75133" lon="2.91541"></trkpt>
<trkpt lat="45.75176" lon="2.9149"></trkpt>
<trkpt lat="45.75192" lon="2.91475"></trkpt>
<trkpt lat="45.75202" lon="2.91469"></trkpt>
<trkpt lat="45.75224" lon="2.91461"></trkpt>
<trkpt lat="45.75231" lon="2.91387"></trkpt>
<trkpt lat="45.75232" lon="2.91352"></trkpt>
<trkpt lat="45.75226" lon="2.91244"></trkpt>
<trkpt lat="45.75225" lon="2.91185"></trkpt>
<trkpt lat="45.75228" lon="2.91124"></trkpt>
<trkpt lat="45.75234" lon="2.91054"></trkpt>
<trkpt lat="45.75241" lon="2.90965"></trkpt>
<trkpt lat="45.75243" lon="2.90951"></trkpt>
<trkpt lat="45.75247" lon="2.90937"></trkpt>
<trkpt lat="45.75252" lon="2.90926"></trkpt>
<trkpt lat="45.7526" lon="2.90917"></trkpt>
<trkpt lat="45.75269" lon="2.90911"></trkpt>
<trkpt lat="45.75296" lon="2.90901"></trkpt>
<trkpt lat="45.75406" lon="2.90868"></trkpt>
<trkpt lat="45.75443" lon="2.90854"></trkpt>
<trkpt lat="45.75478" lon="2.90836"></trkpt>
<trkpt lat="45.75494" lon="2.90825"></trkpt>
<trkpt lat="45.75523" lon="2.908"></trkpt>
<trkpt lat="45.75615" lon="2.90668"></trkpt>
<trkpt lat="45.75626" lon="2.9065"></trkpt>
<trkpt lat="45.75655" lon="2.90592"></trkpt>
<trkpt lat="45.75663" lon="2.90574"></trkpt>
<trkpt lat="45.75684" lon="2.90535"></trkpt>
<trkpt lat="45.75695" lon="2.90517"></trkpt>
<trkpt lat="45.75722" lon="2.90481"></trkpt>
<trkpt lat="45.75733" lon="2.90468"></trkpt>
<trkpt lat="45.75749" lon="2.90453"></trkpt>
<trkpt lat="45.75757" lon="2.90449"></trkpt>
<trkpt lat="45.75764" lon="2.90448"></trkpt>
<trkpt lat="45.75781" lon="2.90452"></trkpt>
<trkpt lat="45.75833" lon="2.90474"></trkpt>
<trkpt lat="45.7585" lon="2.9048"></trkpt>
<trkpt lat="45.75866" lon="2.90484"></trkpt>
<trkpt lat="45.75881" lon="2.90486"></trkpt>
<trkpt lat="45.75908" lon="2.90486"></trkpt>
<trkpt lat="45.7594" lon="2.90484"></trkpt>
<trkpt lat="45.75981" lon="2.90485"></trkpt>
<trkpt lat="45.7601" lon="2.90495"></trkpt>
<trkpt lat="45.7603" lon="2.90499"></trkpt>
<trkpt lat="45.76066" lon="2.90504"></trkpt>
<trkpt lat="45.76082" lon="2.90509"></trkpt>
<trkpt lat="45.76096" lon="2.90517"></trkpt>
<trkpt lat="45.76107" lon="2.90523"></trkpt>
<trkpt lat="45.76127" lon="2.90525"></trkpt>
<trkpt lat="45.76133" lon="2.90525"></trkpt>
<trkpt lat="45.76139" lon="2.90523"></trkpt>
<trkpt lat="45.76145" lon="2.90519"></trkpt>
<trkpt lat="45.76223" lon="2.9043"></trkpt>
<trkpt lat="45.76261" lon="2.90385"></trkpt>
<trkpt lat="45.76281" lon="2.90362"></trkpt>
<trkpt lat="45.76294" lon="2.9035"></trkpt>
<trkpt lat="45.76307" lon="2.90341"></trkpt>
<trkpt lat="45.76321" lon="2.90333"></trkpt>
<trkpt lat="45.76362" lon="2.90316"></trkpt>
<trkpt lat="45.76373" lon="2.9031"></trkpt>
<trkpt lat="45.76384" lon="2.90301"></trkpt>
<trkpt lat="45.76393" lon="2.90291"></trkpt>
<trkpt lat="45.76401" lon="2.90279"></trkpt>
<trkpt lat="45.76429" lon="2.90229"></trkpt>
<trkpt lat="45.7644" lon="2.90213"></trkpt>
<trkpt lat="45.76463" lon="2.90183"></trkpt>
<trkpt lat="45.76496" lon="2.90144"></trkpt>
<trkpt lat="45.76529" lon="2.90098"></trkpt>
<trkpt lat="45.76555" lon="2.90057"></trkpt>
<trkpt lat="45.76581" lon="2.90014"></trkpt>
<trkpt lat="45.76657" lon="2.89891"></trkpt>
<trkpt lat="45.76676" lon="2.89858"></trkpt>
<trkpt lat="45.76684" lon="2.89843"></trkpt>
<trkpt lat="45.76708" lon="2.89788"></trkpt>
<trkpt lat="45.76716" lon="2.89774"></trkpt>
<trkpt lat="45.76724" lon="2.89764"></trkpt>
<trkpt lat="45.76747" lon="2.89742"></trkpt>
<trkpt lat="45.76746" lon="2.89712"></trkpt>
<trkpt lat="45.76739" lon="2.89638"></trkpt>
<trkpt lat="45.76739" lon="2.89616"></trkpt>
<trkpt lat="45.76739" lon="2.89585"></trkpt>
<trkpt lat="45.76741" lon="2.89456"></trkpt>
<trkpt lat="45.76743" lon="2.89415"></trkpt>
<trkpt lat="45.76748" lon="2.89352"></trkpt>
<trkpt lat="45.76751" lon="2.89328"></trkpt>
<trkpt lat="45.76755" lon="2.89308"></trkpt>
<trkpt lat="45.76762" lon="2.89283"></trkpt>
<trkpt lat="45.76779" lon="2.89245"></trkpt>
<trkpt lat="45.76813" lon="2.89187"></trkpt>
<trkpt lat="45.76827" lon="2.89168"></trkpt>
<trkpt lat="45.76861" lon="2.89127"></trkpt>
<trkpt lat="45.76888" lon="2.89098"></trkpt>
<trkpt lat="45.76902" lon="2.89085"></trkpt>
<trkpt lat="45.76917" lon="2.89074"></trkpt>
<trkpt lat="45.76962" lon="2.89047"></trkpt>
<trkpt lat="45.7707" lon="2.88984"></trkpt>
<trkpt lat="45.77091" lon="2.88971"></trkpt>
<trkpt lat="45.77107" lon="2.88958"></trkpt>
<trkpt lat="45.77121" lon="2.88942"></trkpt>
<trkpt lat="45.77134" lon="2.88924"></trkpt>
<trkpt lat="45.77146" lon="2.88906"></trkpt>
<trkpt lat="45.77158" lon="2.88884"></trkpt>
<trkpt lat="45.77236" lon="2.88716"></trkpt>
<trkpt lat="45.77262" lon="2.88667"></trkpt>
<trkpt lat="45.77289" lon="2.88618"></trkpt>
<trkpt lat="45.77289" lon="2.88618"></trkpt>
<trkpt lat="45.77352" lon="2.88505"></trkpt>
<trkpt lat="45.77374" lon="2.88471"></trkpt>
<trkpt lat="45.77449" lon="2.88374"></trkpt>
<trkpt lat="45.77461" lon="2.88357"></trkpt>
<trkpt lat="45.77472" lon="2.88338"></trkpt>
<trkpt lat="45.77492" lon="2.88299"></trkpt>
<trkpt lat="45.77512" lon="2.88254"></trkpt>
<trkpt lat="45.7755" lon="2.88153"></trkpt>
<trkpt lat="45.77557" lon="2.88129"></trkpt>
<trkpt lat="45.77577" lon="2.88048"></trkpt>
<trkpt lat="45.77583" lon="2.88026"></trkpt>
<trkpt lat="45.7759" lon="2.88006"></trkpt>
<trkpt lat="45.776" lon="2.87984"></trkpt>
<trkpt lat="45.77613" lon="2.87961"></trkpt>
<trkpt lat="45.77643" lon="2.87915"></trkpt>
<trkpt lat="45.77676" lon="2.87876"></trkpt>
<trkpt lat="45.77696" lon="2.87859"></trkpt>
<trkpt lat="45.77711" lon="2.87847"></trkpt>
<trkpt lat="45.77728" lon="2.87837"></trkpt>
<trkpt lat="45.77746" lon="2.87829"></trkpt>
<trkpt lat="45.77764" lon="2.87823"></trkpt>
<trkpt lat="45.77809" lon="2.87812"></trkpt>
<trkpt lat="45.77838" lon="2.87806"></trkpt>
<trkpt lat="45.77855" lon="2.87804"></trkpt>
<trkpt lat="45.77903" lon="2.87801"></trkpt>
<trkpt lat="45.77934" lon="2.87797"></trkpt>
<trkpt lat="45.77985" lon="2.87784"></trkpt>
<trkpt lat="45.78003" lon="2.87781"></trkpt>
<trkpt lat="45.7802" lon="2.8778"></trkpt>
<trkpt lat="45.78037" lon="2.87781"></trkpt>
<trkpt lat="45.78067" lon="2.87787"></trkpt>
<trkpt lat="45.78099" lon="2.8779"></trkpt>
<trkpt lat="45.78112" lon="2.87789"></trkpt>
<trkpt lat="45.78125" lon="2.87786"></trkpt>
<trkpt lat="45.78138" lon="2.87781"></trkpt>
<trkpt lat="45.78162" lon="2.87766"></trkpt>
<trkpt lat="45.78208" lon="2.87725"></trkpt>
<trkpt lat="45.7822" lon="2.87717"></trkpt>
<trkpt lat="45.78234" lon="2.87713"></trkpt>
<trkpt lat="45.78262" lon="2.87714"></trkpt>
<trkpt lat="45.78274" lon="2.87712"></trkpt>
<trkpt lat="45.78298" lon="2.87703"></trkpt>
<trkpt lat="45.78305" lon="2.87702"></trkpt>
<trkpt lat="45.78312" lon="2.87703"></trkpt>
<trkpt lat="45.7832" lon="2.87708"></trkpt>
<trkpt lat="45.78336" lon="2.87725"></trkpt>
<trkpt lat="45.78349" lon="2.87736"></trkpt>
<trkpt lat="45.7836" lon="2.87742"></trkpt>
<trkpt lat="45.7839" lon="2.87754"></trkpt>
<trkpt lat="45.78424" lon="2.87771"></trkpt>
<trkpt lat="45.78447" lon="2.87778"></trkpt>
<trkpt lat="45.78457" lon="2.87783"></trkpt>
<trkpt lat="45.78464" lon="2.87789"></trkpt>
<trkpt lat="45.7847" lon="2.87797"></trkpt>
<trkpt lat="45.78483" lon="2.87822"></trkpt>
<trkpt lat="45.78496" lon="2.87851"></trkpt>
<trkpt lat="45.78503" lon="2.87863"></trkpt>
<trkpt lat="45.78529" lon="2.87896"></trkpt>
<trkpt lat="45.78534" lon="2.87906"></trkpt>
<trkpt lat="45.78538" lon="2.87919"></trkpt>
<trkpt lat="45.7854" lon="2.87929"></trkpt>
<trkpt lat="45.78541" lon="2.87945"></trkpt>
<trkpt lat="45.78538" lon="2.87968"></trkpt>
<trkpt lat="45.78535" lon="2.87978"></trkpt>
<trkpt lat="45.78529" lon="2.8799"></trkpt>
<trkpt lat="45.78518" lon="2.88007"></trkpt>
<trkpt lat="45.78511" lon="2.88021"></trkpt>
<trkpt lat="45.78509" lon="2.8803"></trkpt>
<trkpt lat="45.78509" lon="2.88039"></trkpt>
<trkpt lat="45.78511" lon="2.88048"></trkpt>
<trkpt lat="45.78516" lon="2.88056"></trkpt>
<trkpt lat="45.78522" lon="2.88062"></trkpt>
<trkpt lat="45.78528" lon="2.88066"></trkpt>
<trkpt lat="45.7854" lon="2.8807"></trkpt>
<trkpt lat="45.78553" lon="2.88074"></trkpt>
<trkpt lat="45.78565" lon="2.88078"></trkpt>
<trkpt lat="45.78625" lon="2.88104"></trkpt>
<trkpt lat="45.78637" lon="2.88108"></trkpt>
<trkpt lat="45.7865" lon="2.8811"></trkpt>
<trkpt lat="45.78661" lon="2.8811"></trkpt>
<trkpt lat="45.78685" lon="2.88105"></trkpt>
<trkpt lat="45.78766" lon="2.88073"></trkpt>
<trkpt lat="45.78797" lon="2.88062"></trkpt>
<trkpt lat="45.78825" lon="2.88057"></trkpt>
<trkpt lat="45.7884" lon="2.88056"></trkpt>
<trkpt lat="45.78875" lon="2.88057"></trkpt>
<trkpt lat="45.78919" lon="2.88059"></trkpt>
<trkpt lat="45.78954" lon="2.8806"></trkpt>
<trkpt lat="45.79067" lon="2.88064"></trkpt>
<trkpt lat="45.79174" lon="2.88067"></trkpt>
<trkpt lat="45.79227" lon="2.88069"></trkpt>
<trkpt lat="45.79243" lon="2.88069"></trkpt>
<trkpt lat="45.79251" lon="2.88069"></trkpt>
<trkpt lat="45.79262" lon="2.88067"></trkpt>
<trkpt lat="45.79272" lon="2.88063"></trkpt>
<trkpt lat="45.79281" lon="2.88057"></trkpt>
<trkpt lat="45.79287" lon="2.88051"></trkpt>
<trkpt lat="45.79293" lon="2.88041"></trkpt>
<trkpt lat="45.79319" lon="2.87982"></trkpt>
<trkpt lat="45.79333" lon="2.87944"></trkpt>
<trkpt lat="45.79339" lon="2.87923"></trkpt>
<trkpt lat="45.79343" lon="2.879"></trkpt>
<trkpt lat="45.79345" lon="2.87877"></trkpt>
<trkpt lat="45.79344" lon="2.87837"></trkpt>
<trkpt lat="45.7934" lon="2.87804"></trkpt>
<trkpt lat="45.79325" lon="2.87728"></trkpt>
<trkpt lat="45.79304" lon="2.87625"></trkpt>
<trkpt lat="45.793" lon="2.87598"></trkpt>
<trkpt lat="45.79299" lon="2.8758"></trkpt>
<trkpt lat="45.79302" lon="2.87549"></trkpt>
<trkpt lat="45.79306" lon="2.87534"></trkpt>
<trkpt lat="45.79311" lon="2.87521"></trkpt>
<trkpt lat="45.79317" lon="2.8751"></trkpt>
<trkpt lat="45.79325" lon="2.875"></trkpt>
<trkpt lat="45.79337" lon="2.8749"></trkpt>
<trkpt lat="45.79348" lon="2.87484"></trkpt>
<trkpt lat="45.79359" lon="2.8748"></trkpt>
<trkpt lat="45.79369" lon="2.87478"></trkpt>
<trkpt lat="45.79379" lon="2.87476"></trkpt>
<trkpt lat="45.79425" lon="2.87471"></trkpt>
<trkpt lat="45.79451" lon="2.87468"></trkpt>
<trkpt lat="45.79463" lon="2.87465"></trkpt>
<trkpt lat="45.79479" lon="2.87459"></trkpt>
<trkpt lat="45.79497" lon="2.87444"></trkpt>
<trkpt lat="45.79507" lon="2.87432"></trkpt>
<trkpt lat="45.79533" lon="2.87396"></trkpt>
<trkpt lat="45.79546" lon="2.87385"></trkpt>
<trkpt lat="45.79559" lon="2.87377"></trkpt>
<trkpt lat="45.79588" lon="2.87369"></trkpt>
<trkpt lat="45.79698" lon="2.87339"></trkpt>
<trkpt lat="45.79749" lon="2.87326"></trkpt>
<trkpt lat="45.7978" lon="2.87316"></trkpt>
<trkpt lat="45.7981" lon="2.87303"></trkpt>
<trkpt lat="45.79835" lon="2.87288"></trkpt>
<trkpt lat="45.79844" lon="2.87281"></trkpt>
<trkpt lat="45.79855" lon="2.8727"></trkpt>
<trkpt lat="45.79865" lon="2.87259"></trkpt>
<trkpt lat="45.79882" lon="2.87232"></trkpt>
<trkpt lat="45.79954" lon="2.87101"></trkpt>
<trkpt lat="45.79965" lon="2.87082"></trkpt>
<trkpt lat="45.79978" lon="2.87063"></trkpt>
<trkpt lat="45.80001" lon="2.87035"></trkpt>
<trkpt lat="45.80093" lon="2.86929"></trkpt>
<trkpt lat="45.80112" lon="2.86903"></trkpt>
<trkpt lat="45.8012" lon="2.86891"></trkpt>
<trkpt lat="45.80144" lon="2.86846"></trkpt>
<trkpt lat="45.80197" lon="2.86741"></trkpt>
<trkpt lat="45.80205" lon="2.86723"></trkpt>
<trkpt lat="45.80263" lon="2.86565"></trkpt>
<trkpt lat="45.80281" lon="2.86527"></trkpt>
<trkpt lat="45.80418" lon="2.86297"></trkpt>
<trkpt lat="45.80487" lon="2.86171"></trkpt>
<trkpt lat="45.80514" lon="2.86117"></trkpt>
<trkpt lat="45.80533" lon="2.86147"></trkpt>
<trkpt lat="45.80576" lon="2.86222"></trkpt>
<trkpt lat="45.80631" lon="2.86319"></trkpt>
<trkpt lat="45.80641" lon="2.86339"></trkpt>
<trkpt lat="45.80647" lon="2.8635"></trkpt>
<trkpt lat="45.8067" lon="2.86394"></trkpt>
<trkpt lat="45.807" lon="2.86463"></trkpt>
<trkpt lat="45.80728" lon="2.86534"></trkpt>
<trkpt lat="45.80808" lon="2.86747"></trkpt>
<trkpt lat="45.80821" lon="2.86777"></trkpt>
<trkpt lat="45.80834" lon="2.86799"></trkpt>
<trkpt lat="45.80852" lon="2.86815"></trkpt>
<trkpt lat="45.80871" lon="2.86828"></trkpt>
<trkpt lat="45.80881" lon="2.86837"></trkpt>
<trkpt lat="45.80888" lon="2.86846"></trkpt>
<trkpt lat="45.80894" lon="2.86856"></trkpt>
<trkpt lat="45.809" lon="2.8687"></trkpt>
<trkpt lat="45.80912" lon="2.86905"></trkpt>
<trkpt lat="45.80917" lon="2.86916"></trkpt>
<trkpt lat="45.80923" lon="2.86925"></trkpt>
<trkpt lat="45.8093" lon="2.86931"></trkpt>
<trkpt lat="45.8096" lon="2.86944"></trkpt>
<trkpt lat="45.80968" lon="2.86949"></trkpt>
<trkpt lat="45.80975" lon="2.86956"></trkpt>
<trkpt lat="45.80981" lon="2.86966"></trkpt>
<trkpt lat="45.80986" lon="2.86978"></trkpt>
<trkpt lat="45.80993" lon="2.87008"></trkpt>
<trkpt lat="45.80995" lon="2.87029"></trkpt>
<trkpt lat="45.81005" lon="2.8721"></trkpt>
<trkpt lat="45.81008" lon="2.8724"></trkpt>
<trkpt lat="45.81011" lon="2.87252"></trkpt>
<trkpt lat="45.81016" lon="2.87263"></trkpt>
<trkpt lat="45.81024" lon="2.87274"></trkpt>
<trkpt lat="45.81032" lon="2.87282"></trkpt>
<trkpt lat="45.81059" lon="2.87305"></trkpt>
<trkpt lat="45.81069" lon="2.87315"></trkpt>
<trkpt lat="45.81085" lon="2.87336"></trkpt>
<trkpt lat="45.81101" lon="2.87367"></trkpt>
<trkpt lat="45.8118" lon="2.87545"></trkpt>
<trkpt lat="45.81196" lon="2.87575"></trkpt>
<trkpt lat="45.81205" lon="2.87588"></trkpt>
<trkpt lat="45.81214" lon="2.87597"></trkpt>
<trkpt lat="45.81225" lon="2.87605"></trkpt>
<trkpt lat="45.81237" lon="2.87611"></trkpt>
<trkpt lat="45.81249" lon="2.87615"></trkpt>
<trkpt lat="45.81327" lon="2.87633"></trkpt>
<trkpt lat="45.81351" lon="2.87642"></trkpt>
<trkpt lat="45.81362" lon="2.87648"></trkpt>
<trkpt lat="45.8138" lon="2.87661"></trkpt>
<trkpt lat="45.81433" lon="2.87718"></trkpt>
<trkpt lat="45.81452" lon="2.8774"></trkpt>
<trkpt lat="45.8147" lon="2.87755"></trkpt>
<trkpt lat="45.8148" lon="2.8776"></trkpt>
<trkpt lat="45.815" lon="2.87763"></trkpt>
<trkpt lat="45.81672" lon="2.87765"></trkpt>
<trkpt lat="45.81688" lon="2.87766"></trkpt>
<trkpt lat="45.81716" lon="2.87773"></trkpt>
<trkpt lat="45.81754" lon="2.87786"></trkpt>
<trkpt lat="45.8178" lon="2.87789"></trkpt>
<trkpt lat="45.81833" lon="2.87783"></trkpt>
<trkpt lat="45.81858" lon="2.87782"></trkpt>
<trkpt lat="45.81868" lon="2.87783"></trkpt>
<trkpt lat="45.8188" lon="2.87786"></trkpt>
<trkpt lat="45.81891" lon="2.87791"></trkpt>
<trkpt lat="45.82017" lon="2.87867"></trkpt>
<trkpt lat="45.82049" lon="2.87884"></trkpt>
<trkpt lat="45.82063" lon="2.8789"></trkpt>
<trkpt lat="45.82095" lon="2.87899"></trkpt>
<trkpt lat="45.82214" lon="2.87926"></trkpt>
<trkpt lat="45.82247" lon="2.87935"></trkpt>
<trkpt lat="45.82316" lon="2.87961"></trkpt>
<trkpt lat="45.82329" lon="2.87967"></trkpt>
<trkpt lat="45.82344" lon="2.87976"></trkpt>
<trkpt lat="45.82356" lon="2.87986"></trkpt>
<trkpt lat="45.82378" lon="2.88009"></trkpt>
<trkpt lat="45.82399" lon="2.88035"></trkpt>
<trkpt lat="45.82408" lon="2.88049"></trkpt>
<trkpt lat="45.82439" lon="2.88106"></trkpt>
<trkpt lat="45.8245" lon="2.88124"></trkpt>
<trkpt lat="45.82457" lon="2.88133"></trkpt>
<trkpt lat="45.82457" lon="2.88133"></trkpt>
<trkpt lat="45.82474" lon="2.88153"></trkpt>
<trkpt lat="45.82544" lon="2.88231"></trkpt>
<trkpt lat="45.82568" lon="2.88263"></trkpt>
<trkpt lat="45.82589" lon="2.88298"></trkpt>
<trkpt lat="45.82677" lon="2.88476"></trkpt>
<trkpt lat="45.82689" lon="2.88505"></trkpt>
<trkpt lat="45.82703" lon="2.88546"></trkpt>
<trkpt lat="45.82759" lon="2.88741"></trkpt>
<trkpt lat="45.82823" lon="2.88961"></trkpt>
<trkpt lat="45.82871" lon="2.89102"></trkpt>
<trkpt lat="45.82953" lon="2.89339"></trkpt>
<trkpt lat="45.83008" lon="2.89497"></trkpt>
<trkpt lat="45.83017" lon="2.89527"></trkpt>
<trkpt lat="45.83027" lon="2.89568"></trkpt>
<trkpt lat="45.83031" lon="2.89596"></trkpt>
<trkpt lat="45.83036" lon="2.89638"></trkpt>
<trkpt lat="45.83039" lon="2.89665"></trkpt>
<trkpt lat="45.83045" lon="2.89707"></trkpt>
<trkpt lat="45.83048" lon="2.89722"></trkpt>
<trkpt lat="45.83062" lon="2.89752"></trkpt>
<trkpt lat="45.83079" lon="2.89783"></trkpt>
<trkpt lat="45.83089" lon="2.898"></trkpt>
<trkpt lat="45.8311" lon="2.89823"></trkpt>
<trkpt lat="45.83124" lon="2.89835"></trkpt>
<trkpt lat="45.83135" lon="2.89843"></trkpt>
<trkpt lat="45.83159" lon="2.89857"></trkpt>
<trkpt lat="45.83173" lon="2.89862"></trkpt>
<trkpt lat="45.8318" lon="2.89863"></trkpt>
<trkpt lat="45.83202" lon="2.89868"></trkpt>
<trkpt lat="45.83237" lon="2.89871"></trkpt>
<trkpt lat="45.8325" lon="2.89877"></trkpt>
<trkpt lat="45.83268" lon="2.89887"></trkpt>
<trkpt lat="45.83297" lon="2.89906"></trkpt>
<trkpt lat="45.83351" lon="2.89955"></trkpt>
<trkpt lat="45.83359" lon="2.89961"></trkpt>
<trkpt lat="45.83367" lon="2.89965"></trkpt>
<trkpt lat="45.834" lon="2.89976"></trkpt>
<trkpt lat="45.83455" lon="2.89967"></trkpt>
<trkpt lat="45.83503" lon="2.89966"></trkpt>
<trkpt lat="45.83511" lon="2.89969"></trkpt>
<trkpt lat="45.83522" lon="2.89973"></trkpt>
<trkpt lat="45.83526" lon="2.89968"></trkpt>
<trkpt lat="45.83539" lon="2.89957"></trkpt>
<trkpt lat="45.83553" lon="2.89948"></trkpt>
<trkpt lat="45.83564" lon="2.89943"></trkpt>
<trkpt lat="45.83567" lon="2.89943"></trkpt>
<trkpt lat="45.83577" lon="2.8995"></trkpt>
<trkpt lat="45.83591" lon="2.89968"></trkpt>
<trkpt lat="45.83614" lon="2.90003"></trkpt>
<trkpt lat="45.83619" lon="2.90007"></trkpt>
<trkpt lat="45.83627" lon="2.90008"></trkpt>
<trkpt lat="45.83638" lon="2.90008"></trkpt>
<trkpt lat="45.83651" lon="2.89995"></trkpt>
<trkpt lat="45.83669" lon="2.89975"></trkpt>
<trkpt lat="45.83672" lon="2.89973"></trkpt>
<trkpt lat="45.83677" lon="2.89972"></trkpt>
<trkpt lat="45.83714" lon="2.8998"></trkpt>
<trkpt lat="45.83714" lon="2.8998"></trkpt>
<trkpt lat="45.83723" lon="2.89982"></trkpt>
<trkpt lat="45.83729" lon="2.89985"></trkpt>
<trkpt lat="45.83738" lon="2.89992"></trkpt>
<trkpt lat="45.83741" lon="2.89999"></trkpt>
<trkpt lat="45.83744" lon="2.90008"></trkpt>
<trkpt lat="45.83776" lon="2.90168"></trkpt>
<trkpt lat="45.83784" lon="2.90257"></trkpt>
<trkpt lat="45.83811" lon="2.90345"></trkpt>
<trkpt lat="45.8383" lon="2.90428"></trkpt>
<trkpt lat="45.83842" lon="2.90481"></trkpt>
<trkpt lat="45.83845" lon="2.90489"></trkpt>
<trkpt lat="45.83849" lon="2.90497"></trkpt>
<trkpt lat="45.83858" lon="2.9051"></trkpt>
<trkpt lat="45.83869" lon="2.9052"></trkpt>
<trkpt lat="45.83875" lon="2.90503"></trkpt>
<trkpt lat="45.8388" lon="2.90495"></trkpt>
<trkpt lat="45.83887" lon="2.9049"></trkpt>
<trkpt lat="45.83896" lon="2.90488"></trkpt>
<trkpt lat="45.83916" lon="2.90487"></trkpt>
<trkpt lat="45.83934" lon="2.90488"></trkpt>
<trkpt lat="45.83986" lon="2.90481"></trkpt>
<trkpt lat="45.84007" lon="2.90482"></trkpt>
<trkpt lat="45.84034" lon="2.90487"></trkpt>
<trkpt lat="45.84059" lon="2.90495"></trkpt>
<trkpt lat="45.84135" lon="2.90525"></trkpt>
<trkpt lat="45.84175" lon="2.90505"></trkpt>
<trkpt lat="45.84229" lon="2.90478"></trkpt>
<trkpt lat="45.84294" lon="2.90445"></trkpt>
<trkpt lat="45.84307" lon="2.90437"></trkpt>
<trkpt lat="45.84338" lon="2.90414"></trkpt>
<trkpt lat="45.84358" lon="2.90397"></trkpt>
<trkpt lat="45.84378" lon="2.90377"></trkpt>
<trkpt lat="45.84398" lon="2.90354"></trkpt>
<trkpt lat="45.84436" lon="2.90298"></trkpt>
<trkpt lat="45.8448" lon="2.90227"></trkpt>
<trkpt lat="45.84498" lon="2.90203"></trkpt>
<trkpt lat="45.84518" lon="2.90183"></trkpt>
<trkpt lat="45.8456" lon="2.90153"></trkpt>
<trkpt lat="45.84652" lon="2.90087"></trkpt>
<trkpt lat="45.84701" lon="2.90052"></trkpt>
<trkpt lat="45.84719" lon="2.90037"></trkpt>
<trkpt lat="45.84734" lon="2.90019"></trkpt>
<trkpt lat="45.84742" lon="2.90007"></trkpt>
<trkpt lat="45.84757" lon="2.89977"></trkpt>
<trkpt lat="45.8478" lon="2.89924"></trkpt>
<trkpt lat="45.84787" lon="2.89912"></trkpt>
<trkpt lat="45.84803" lon="2.89891"></trkpt>
<trkpt lat="45.84823" lon="2.89871"></trkpt>
<trkpt lat="45.84832" lon="2.89864"></trkpt>
<trkpt lat="45.8485" lon="2.89853"></trkpt>
<trkpt lat="45.85001" lon="2.89764"></trkpt>
<trkpt lat="45.85031" lon="2.89742"></trkpt>
<trkpt lat="45.85055" lon="2.89719"></trkpt>
<trkpt lat="45.85061" lon="2.89713"></trkpt>
<trkpt lat="45.85069" lon="2.8971"></trkpt>
<trkpt lat="45.85074" lon="2.89705"></trkpt>
<trkpt lat="45.85108" lon="2.89676"></trkpt>
<trkpt lat="45.85114" lon="2.89678"></trkpt>
<trkpt lat="45.85121" lon="2.89677"></trkpt>
<trkpt lat="45.85132" lon="2.89698"></trkpt>
<trkpt lat="45.85143" lon="2.89714"></trkpt>
<trkpt lat="45.85156" lon="2.8973"></trkpt>
<trkpt lat="45.85168" lon="2.89745"></trkpt>
<trkpt lat="45.85178" lon="2.89757"></trkpt>
<trkpt lat="45.85208" lon="2.89792"></trkpt>
<trkpt lat="45.85226" lon="2.8982"></trkpt>
<trkpt lat="45.85239" lon="2.89842"></trkpt>
<trkpt lat="45.85253" lon="2.89868"></trkpt>
<trkpt lat="45.85325" lon="2.90032"></trkpt>
<trkpt lat="45.85436" lon="2.90276"></trkpt>
<trkpt lat="45.85457" lon="2.90335"></trkpt>
<trkpt lat="45.8546" lon="2.90345"></trkpt>
<trkpt lat="45.85471" lon="2.90381"></trkpt>
<trkpt lat="45.85507" lon="2.90539"></trkpt>
<trkpt lat="45.85524" lon="2.90599"></trkpt>
<trkpt lat="45.85536" lon="2.90635"></trkpt>
<trkpt lat="45.85548" lon="2.90663"></trkpt>
<trkpt lat="45.8557" lon="2.90707"></trkpt>
<trkpt lat="45.85584" lon="2.9073"></trkpt>
<trkpt lat="45.85617" lon="2.90784"></trkpt>
<trkpt lat="45.85699" lon="2.90915"></trkpt>
<trkpt lat="45.85708" lon="2.90931"></trkpt>
<trkpt lat="45.85721" lon="2.90961"></trkpt>
<trkpt lat="45.85726" lon="2.90977"></trkpt>
<trkpt lat="45.85731" lon="2.90999"></trkpt>
<trkpt lat="45.8576" lon="2.91203"></trkpt>
<trkpt lat="45.85776" lon="2.91315"></trkpt>
<trkpt lat="45.85783" lon="2.91366"></trkpt>
<trkpt lat="45.85794" lon="2.91439"></trkpt>
<trkpt lat="45.85803" lon="2.91483"></trkpt>
<trkpt lat="45.85806" lon="2.91497"></trkpt>
<trkpt lat="45.85823" lon="2.91566"></trkpt>
<trkpt lat="45.8583" lon="2.91595"></trkpt>
<trkpt lat="45.85839" lon="2.91629"></trkpt>
<trkpt lat="45.85851" lon="2.91677"></trkpt>
<trkpt lat="45.85862" lon="2.9172"></trkpt>
<trkpt lat="45.85873" lon="2.91761"></trkpt>
<trkpt lat="45.85883" lon="2.91767"></trkpt>
<trkpt lat="45.85897" lon="2.9178"></trkpt>
<trkpt lat="45.85903" lon="2.91788"></trkpt>
<trkpt lat="45.85909" lon="2.91799"></trkpt>
<trkpt lat="45.85917" lon="2.91815"></trkpt>
<trkpt lat="45.85926" lon="2.91832"></trkpt>
<trkpt lat="45.85932" lon="2.9184"></trkpt>
<trkpt lat="45.85967" lon="2.91875"></trkpt>
<trkpt lat="45.86071" lon="2.91978"></trkpt>
<trkpt lat="45.86104" lon="2.92007"></trkpt>
<trkpt lat="45.86123" lon="2.92017"></trkpt>
<trkpt lat="45.86156" lon="2.92029"></trkpt>
<trkpt lat="45.86232" lon="2.92046"></trkpt>
<trkpt lat="45.8627" lon="2.92051"></trkpt>
<trkpt lat="45.86296" lon="2.92053"></trkpt>
<trkpt lat="45.86317" lon="2.92054"></trkpt>
<trkpt lat="45.86355" lon="2.92058"></trkpt>
<trkpt lat="45.86379" lon="2.92064"></trkpt>
<trkpt lat="45.86402" lon="2.92073"></trkpt>
<trkpt lat="45.86426" lon="2.92086"></trkpt>
<trkpt lat="45.86524" lon="2.92147"></trkpt>
<trkpt lat="45.8656" lon="2.92167"></trkpt>
<trkpt lat="45.8657" lon="2.92171"></trkpt>
<trkpt lat="45.86603" lon="2.9218"></trkpt>
<trkpt lat="45.86628" lon="2.92184"></trkpt>
<trkpt lat="45.86974" lon="2.92226"></trkpt>
<trkpt lat="45.8707" lon="2.92238"></trkpt>
<trkpt lat="45.87235" lon="2.92258"></trkpt>
<trkpt lat="45.87296" lon="2.92267"></trkpt>
<trkpt lat="45.87335" lon="2.9227"></trkpt>
<trkpt lat="45.87363" lon="2.92267"></trkpt>
<trkpt lat="45.87383" lon="2.92261"></trkpt>
<trkpt lat="45.87413" lon="2.92247"></trkpt>
<trkpt lat="45.87604" lon="2.92135"></trkpt>
<trkpt lat="45.87643" lon="2.92115"></trkpt>
<trkpt lat="45.87676" lon="2.92101"></trkpt>
<trkpt lat="45.87697" lon="2.92095"></trkpt>
<trkpt lat="45.87813" lon="2.92067"></trkpt>
<trkpt lat="45.87873" lon="2.9205"></trkpt>
<trkpt lat="45.879" lon="2.92041"></trkpt>
<trkpt lat="45.87919" lon="2.92031"></trkpt>
<trkpt lat="45.87933" lon="2.92022"></trkpt>
<trkpt lat="45.87957" lon="2.92002"></trkpt>
<trkpt lat="45.88064" lon="2.91899"></trkpt>
<trkpt lat="45.88102" lon="2.91867"></trkpt>
<trkpt lat="45.88143" lon="2.91837"></trkpt>
<trkpt lat="45.88227" lon="2.91781"></trkpt>
<trkpt lat="45.88264" lon="2.91754"></trkpt>
<trkpt lat="45.88281" lon="2.91739"></trkpt>
<trkpt lat="45.88314" lon="2.91703"></trkpt>
<trkpt lat="45.88357" lon="2.91644"></trkpt>
<trkpt lat="45.8838" lon="2.91618"></trkpt>
<trkpt lat="45.88391" lon="2.91607"></trkpt>
<trkpt lat="45.88414" lon="2.9159"></trkpt>
<trkpt lat="45.88445" lon="2.91573"></trkpt>
<trkpt lat="45.88496" lon="2.91551"></trkpt>
<trkpt lat="45.88521" lon="2.91541"></trkpt>
<trkpt lat="45.8855" lon="2.91526"></trkpt>
<trkpt lat="45.88578" lon="2.91509"></trkpt>
<trkpt lat="45.88602" lon="2.91491"></trkpt>
<trkpt lat="45.88619" lon="2.91474"></trkpt>
<trkpt lat="45.88626" lon="2.91464"></trkpt>
<trkpt lat="45.88642" lon="2.91433"></trkpt>
<trkpt lat="45.88649" lon="2.91422"></trkpt>
<trkpt lat="45.88664" lon="2.91406"></trkpt>
<trkpt lat="45.88678" lon="2.91397"></trkpt>
<trkpt lat="45.88689" lon="2.91393"></trkpt>
<trkpt lat="45.88701" lon="2.9139"></trkpt>
<trkpt lat="45.8874" lon="2.91384"></trkpt>
<trkpt lat="45.88911" lon="2.91355"></trkpt>
<trkpt lat="45.88947" lon="2.91349"></trkpt>
<trkpt lat="45.88995" lon="2.9134"></trkpt>
<trkpt lat="45.89007" lon="2.91336"></trkpt>
<trkpt lat="45.89029" lon="2.91323"></trkpt>
<trkpt lat="45.89048" lon="2.91305"></trkpt>
<trkpt lat="45.89075" lon="2.91273"></trkpt>
<trkpt lat="45.89094" lon="2.91269"></trkpt>
<trkpt lat="45.89103" lon="2.91269"></trkpt>
<trkpt lat="45.89111" lon="2.91271"></trkpt>
<trkpt lat="45.8912" lon="2.91275"></trkpt>
<trkpt lat="45.89128" lon="2.9128"></trkpt>
<trkpt lat="45.89281" lon="2.91403"></trkpt>
<trkpt lat="45.89306" lon="2.91427"></trkpt>
<trkpt lat="45.89339" lon="2.91466"></trkpt>
<trkpt lat="45.89512" lon="2.9169"></trkpt>
<trkpt lat="45.89772" lon="2.92027"></trkpt>
<trkpt lat="45.89913" lon="2.92208"></trkpt>
<trkpt lat="45.89993" lon="2.92314"></trkpt>
<trkpt lat="45.90006" lon="2.92332"></trkpt>
<trkpt lat="45.90072" lon="2.92415"></trkpt>
<trkpt lat="45.9009" lon="2.92444"></trkpt>
<trkpt lat="45.90104" lon="2.92474"></trkpt>
<trkpt lat="45.90181" lon="2.92656"></trkpt>
<trkpt lat="45.90208" lon="2.92712"></trkpt>
<trkpt lat="45.90227" lon="2.92743"></trkpt>
<trkpt lat="45.90239" lon="2.9276"></trkpt>
<trkpt lat="45.90262" lon="2.92788"></trkpt>
<trkpt lat="45.90274" lon="2.928"></trkpt>
<trkpt lat="45.90284" lon="2.92809"></trkpt>
<trkpt lat="45.90294" lon="2.92816"></trkpt>
<trkpt lat="45.90307" lon="2.92823"></trkpt>
<trkpt lat="45.90332" lon="2.92832"></trkpt>
<trkpt lat="45.90463" lon="2.92864"></trkpt>
<trkpt lat="45.90611" lon="2.92906"></trkpt>
<trkpt lat="45.90617" lon="2.92908"></trkpt>
<trkpt lat="45.90641" lon="2.92914"></trkpt>
<trkpt lat="45.90676" lon="2.92925"></trkpt>
<trkpt lat="45.9069" lon="2.92931"></trkpt>
<trkpt lat="45.90712" lon="2.92943"></trkpt>
<trkpt lat="45.9077" lon="2.92986"></trkpt>
<trkpt lat="45.90795" lon="2.93008"></trkpt>
<trkpt lat="45.90806" lon="2.9302"></trkpt>
<trkpt lat="45.90827" lon="2.9305"></trkpt>
<trkpt lat="45.90888" lon="2.93144"></trkpt>
<trkpt lat="45.90921" lon="2.93193"></trkpt>
<trkpt lat="45.9093" lon="2.93209"></trkpt>
<trkpt lat="45.90949" lon="2.93241"></trkpt>
<trkpt lat="45.90992" lon="2.93324"></trkpt>
<trkpt lat="45.91013" lon="2.9336"></trkpt>
<trkpt lat="45.9103" lon="2.93379"></trkpt>
<trkpt lat="45.91059" lon="2.93403"></trkpt>
<trkpt lat="45.9107" lon="2.93415"></trkpt>
<trkpt lat="45.91075" lon="2.93422"></trkpt>
<trkpt lat="45.91078" lon="2.93429"></trkpt>
<trkpt lat="45.91083" lon="2.93441"></trkpt>
<trkpt lat="45.91085" lon="2.9345"></trkpt>
<trkpt lat="45.91086" lon="2.93459"></trkpt>
<trkpt lat="45.91085" lon="2.93487"></trkpt>
<trkpt lat="45.91086" lon="2.9351"></trkpt>
<trkpt lat="45.91088" lon="2.9352"></trkpt>
<trkpt lat="45.91092" lon="2.9353"></trkpt>
<trkpt lat="45.91106" lon="2.93553"></trkpt>
<trkpt lat="45.9119" lon="2.93662"></trkpt>
<trkpt lat="45.91203" lon="2.93682"></trkpt>
<trkpt lat="45.91207" lon="2.93687"></trkpt>
<trkpt lat="45.91214" lon="2.937"></trkpt>
<trkpt lat="45.91263" lon="2.938"></trkpt>
<trkpt lat="45.91301" lon="2.9388"></trkpt>
<trkpt lat="45.91315" lon="2.93902"></trkpt>
<trkpt lat="45.91323" lon="2.93911"></trkpt>
<trkpt lat="45.91342" lon="2.93926"></trkpt>
<trkpt lat="45.9136" lon="2.93934"></trkpt>
<trkpt lat="45.91378" lon="2.93935"></trkpt>
<trkpt lat="45.91396" lon="2.93935"></trkpt>
<trkpt lat="45.91434" lon="2.93937"></trkpt>
<trkpt lat="45.91502" lon="2.93951"></trkpt>
<trkpt lat="45.91519" lon="2.93948"></trkpt>
<trkpt lat="45.91546" lon="2.93931"></trkpt>
<trkpt lat="45.91562" lon="2.93925"></trkpt>
<trkpt lat="45.91576" lon="2.93928"></trkpt>
<trkpt lat="45.91582" lon="2.93931"></trkpt>
<trkpt lat="45.91588" lon="2.93936"></trkpt>
<trkpt lat="45.91595" lon="2.93944"></trkpt>
<trkpt lat="45.91618" lon="2.93978"></trkpt>
<trkpt lat="45.91638" lon="2.94001"></trkpt>
<trkpt lat="45.91672" lon="2.94027"></trkpt>
<trkpt lat="45.91771" lon="2.94089"></trkpt>
<trkpt lat="45.91783" lon="2.941"></trkpt>
<trkpt lat="45.91793" lon="2.94112"></trkpt>
<trkpt lat="45.91807" lon="2.94138"></trkpt>
<trkpt lat="45.91813" lon="2.94162"></trkpt>
<trkpt lat="45.91814" lon="2.94178"></trkpt>
<trkpt lat="45.91813" lon="2.94194"></trkpt>
<trkpt lat="45.91805" lon="2.94224"></trkpt>
<trkpt lat="45.91779" lon="2.9428"></trkpt>
<trkpt lat="45.91769" lon="2.94305"></trkpt>
<trkpt lat="45.91763" lon="2.94334"></trkpt>
<trkpt lat="45.91761" lon="2.94371"></trkpt>
<trkpt lat="45.91761" lon="2.94398"></trkpt>
<trkpt lat="45.91761" lon="2.94444"></trkpt>
<trkpt lat="45.91763" lon="2.94464"></trkpt>
<trkpt lat="45.91766" lon="2.94479"></trkpt>
<trkpt lat="45.91771" lon="2.94492"></trkpt>
<trkpt lat="45.91779" lon="2.94506"></trkpt>
<trkpt lat="45.91797" lon="2.94526"></trkpt>
<trkpt lat="45.91844" lon="2.94567"></trkpt>
<trkpt lat="45.91864" lon="2.94581"></trkpt>
<trkpt lat="45.91885" lon="2.94594"></trkpt>
<trkpt lat="45.92016" lon="2.94668"></trkpt>
<trkpt lat="45.92047" lon="2.94687"></trkpt>
<trkpt lat="45.92068" lon="2.94702"></trkpt>
<trkpt lat="45.92085" lon="2.94718"></trkpt>
<trkpt lat="45.92096" lon="2.94731"></trkpt>
<trkpt lat="45.92138" lon="2.94792"></trkpt>
<trkpt lat="45.92145" lon="2.94802"></trkpt>
<trkpt lat="45.9233" lon="2.95067"></trkpt>
<trkpt lat="45.9233" lon="2.95067"></trkpt>
<trkpt lat="45.92374" lon="2.9513"></trkpt>
<trkpt lat="45.92393" lon="2.95154"></trkpt>
<trkpt lat="45.92405" lon="2.95165"></trkpt>
<trkpt lat="45.92431" lon="2.95184"></trkpt>
<trkpt lat="45.92445" lon="2.95192"></trkpt>
<trkpt lat="45.92769" lon="2.95363"></trkpt>
<trkpt lat="45.93016" lon="2.95495"></trkpt>
<trkpt lat="45.93459" lon="2.9573"></trkpt>
<trkpt lat="45.93505" lon="2.95757"></trkpt>
<trkpt lat="45.93515" lon="2.95765"></trkpt>
<trkpt lat="45.93525" lon="2.95777"></trkpt>
<trkpt lat="45.93534" lon="2.95792"></trkpt>
<trkpt lat="45.93549" lon="2.95827"></trkpt>
<trkpt lat="45.93575" lon="2.95897"></trkpt>
<trkpt lat="45.93589" lon="2.95925"></trkpt>
<trkpt lat="45.93614" lon="2.95966"></trkpt>
<trkpt lat="45.93638" lon="2.95999"></trkpt>
<trkpt lat="45.93652" lon="2.96016"></trkpt>
<trkpt lat="45.93664" lon="2.96028"></trkpt>
<trkpt lat="45.93676" lon="2.96038"></trkpt>
<trkpt lat="45.93717" lon="2.96067"></trkpt>
<trkpt lat="45.93742" lon="2.96088"></trkpt>
<trkpt lat="45.93754" lon="2.96101"></trkpt>
<trkpt lat="45.93792" lon="2.9615"></trkpt>
<trkpt lat="45.93825" lon="2.96187"></trkpt>
<trkpt lat="45.93872" lon="2.96234"></trkpt>
<trkpt lat="45.93886" lon="2.96246"></trkpt>
<trkpt lat="45.939" lon="2.96256"></trkpt>
<trkpt lat="45.93913" lon="2.96262"></trkpt>
<trkpt lat="45.93928" lon="2.96265"></trkpt>
<trkpt lat="45.94016" lon="2.96268"></trkpt>
<trkpt lat="45.94033" lon="2.96271"></trkpt>
<trkpt lat="45.94047" lon="2.96275"></trkpt>
<trkpt lat="45.94071" lon="2.96288"></trkpt>
<trkpt lat="45.94094" lon="2.96305"></trkpt>
<trkpt lat="45.94113" lon="2.96317"></trkpt>
<trkpt lat="45.94129" lon="2.96325"></trkpt>
<trkpt lat="45.94476" lon="2.96455"></trkpt>
<trkpt lat="45.94525" lon="2.96476"></trkpt>
<trkpt lat="45.94591" lon="2.96508"></trkpt>
<trkpt lat="45.94648" lon="2.9654"></trkpt>
<trkpt lat="45.94682" lon="2.96567"></trkpt>
<trkpt lat="45.94759" lon="2.96632"></trkpt>
<trkpt lat="45.94785" lon="2.9665"></trkpt>
<trkpt lat="45.94796" lon="2.96655"></trkpt>
<trkpt lat="45.94806" lon="2.96658"></trkpt>
<trkpt lat="45.94832" lon="2.96664"></trkpt>
<trkpt lat="45.94871" lon="2.96671"></trkpt>
<trkpt lat="45.94908" lon="2.96674"></trkpt>
<trkpt lat="45.94941" lon="2.96671"></trkpt>
<trkpt lat="45.94993" lon="2.96665"></trkpt>
<trkpt lat="45.95025" lon="2.96664"></trkpt>
<trkpt lat="45.95104" lon="2.96678"></trkpt>
<trkpt lat="45.95118" lon="2.9668"></trkpt>
<trkpt lat="45.95134" lon="2.9668"></trkpt>
<trkpt lat="45.95163" lon="2.96677"></trkpt>
<trkpt lat="45.95175" lon="2.96672"></trkpt>
<trkpt lat="45.95194" lon="2.96668"></trkpt>
<trkpt lat="45.95202" lon="2.9667"></trkpt>
<trkpt lat="45.95211" lon="2.96674"></trkpt>
<trkpt lat="45.95215" lon="2.96664"></trkpt>
<trkpt lat="45.95225" lon="2.96634"></trkpt>
<trkpt lat="45.9523" lon="2.96612"></trkpt>
<trkpt lat="45.95244" lon="2.96481"></trkpt>
<trkpt lat="45.95252" lon="2.9643"></trkpt>
<trkpt lat="45.95262" lon="2.96398"></trkpt>
<trkpt lat="45.95301" lon="2.96311"></trkpt>
<trkpt lat="45.95308" lon="2.96293"></trkpt>
<trkpt lat="45.95321" lon="2.96256"></trkpt>
<trkpt lat="45.95324" lon="2.96235"></trkpt>
<trkpt lat="45.95324" lon="2.96213"></trkpt>
<trkpt lat="45.9532" lon="2.96191"></trkpt>
<trkpt lat="45.95315" lon="2.96172"></trkpt>
<trkpt lat="45.95309" lon="2.96155"></trkpt>
<trkpt lat="45.95279" lon="2.96085"></trkpt>
<trkpt lat="45.95272" lon="2.96061"></trkpt>
<trkpt lat="45.95268" lon="2.96036"></trkpt>
<trkpt lat="45.95268" lon="2.96013"></trkpt>
<trkpt lat="45.95271" lon="2.95988"></trkpt>
<trkpt lat="45.95278" lon="2.95964"></trkpt>
<trkpt lat="45.9529" lon="2.9594"></trkpt>
<trkpt lat="45.95305" lon="2.95918"></trkpt>
<trkpt lat="45.95384" lon="2.95812"></trkpt>
<trkpt lat="45.95433" lon="2.95744"></trkpt>
<trkpt lat="45.95454" lon="2.95719"></trkpt>
<trkpt lat="45.95472" lon="2.957"></trkpt>
<trkpt lat="45.9549" lon="2.95687"></trkpt>
<trkpt lat="45.9551" lon="2.95676"></trkpt>
<trkpt lat="45.95529" lon="2.95669"></trkpt>
<trkpt lat="45.95551" lon="2.95664"></trkpt>
<trkpt lat="45.9557" lon="2.95663"></trkpt>
<trkpt lat="45.95592" lon="2.95665"></trkpt>
<trkpt lat="45.95747" lon="2.9569"></trkpt>
<trkpt lat="45.95772" lon="2.95697"></trkpt>
<trkpt lat="45.95798" lon="2.95708"></trkpt>
<trkpt lat="45.95869" lon="2.95746"></trkpt>
<trkpt lat="45.95938" lon="2.95783"></trkpt>
<trkpt lat="45.96003" lon="2.95818"></trkpt>
<trkpt lat="45.96024" lon="2.95824"></trkpt>
<trkpt lat="45.96033" lon="2.95825"></trkpt>
<trkpt lat="45.96051" lon="2.95822"></trkpt>
<trkpt lat="45.96063" lon="2.95818"></trkpt>
<trkpt lat="45.96073" lon="2.95812"></trkpt>
<trkpt lat="45.96086" lon="2.95801"></trkpt>
<trkpt lat="45.96095" lon="2.9579"></trkpt>
<trkpt lat="45.96118" lon="2.95757"></trkpt>
<trkpt lat="45.96151" lon="2.95704"></trkpt>
<trkpt lat="45.96154" lon="2.95711"></trkpt>
<trkpt lat="45.96166" lon="2.9573"></trkpt>
<trkpt lat="45.9617" lon="2.9574"></trkpt>
<trkpt lat="45.96171" lon="2.95752"></trkpt>
<trkpt lat="45.96168" lon="2.95779"></trkpt>
<trkpt lat="45.96164" lon="2.95814"></trkpt>
<trkpt lat="45.96165" lon="2.95843"></trkpt>
<trkpt lat="45.96232" lon="2.95763"></trkpt>
<trkpt lat="45.96246" lon="2.95749"></trkpt>
<trkpt lat="45.96279" lon="2.95721"></trkpt>
<trkpt lat="45.96292" lon="2.95708"></trkpt>
<trkpt lat="45.96306" lon="2.95687"></trkpt>
<trkpt lat="45.96318" lon="2.95666"></trkpt>
<trkpt lat="45.96322" lon="2.95655"></trkpt>
<trkpt lat="45.96325" lon="2.95636"></trkpt>
<trkpt lat="45.96333" lon="2.95555"></trkpt>
<trkpt lat="45.96338" lon="2.95541"></trkpt>
<trkpt lat="45.96344" lon="2.95528"></trkpt>
<trkpt lat="45.96353" lon="2.95513"></trkpt>
<trkpt lat="45.96366" lon="2.95497"></trkpt>
<trkpt lat="45.96397" lon="2.95471"></trkpt>
<trkpt lat="45.96411" lon="2.95467"></trkpt>
<trkpt lat="45.96416" lon="2.95467"></trkpt>
<trkpt lat="45.9643" lon="2.95469"></trkpt>
<trkpt lat="45.9644" lon="2.95472"></trkpt>
<trkpt lat="45.9645" lon="2.95476"></trkpt>
<trkpt lat="45.96473" lon="2.95492"></trkpt>
<trkpt lat="45.96504" lon="2.95502"></trkpt>
<trkpt lat="45.96504" lon="2.95502"></trkpt>
<trkpt lat="45.96509" lon="2.95504"></trkpt>
<trkpt lat="45.9652" lon="2.9551"></trkpt>
<trkpt lat="45.96548" lon="2.95534"></trkpt>
<trkpt lat="45.96555" lon="2.95534"></trkpt>
<trkpt lat="45.96568" lon="2.95529"></trkpt>
<trkpt lat="45.96588" lon="2.95509"></trkpt>
<trkpt lat="45.96627" lon="2.95474"></trkpt>
<trkpt lat="45.96633" lon="2.95466"></trkpt>
<trkpt lat="45.96637" lon="2.95454"></trkpt>
<trkpt lat="45.96646" lon="2.9541"></trkpt>
<trkpt lat="45.96651" lon="2.95399"></trkpt>
<trkpt lat="45.96658" lon="2.95391"></trkpt>
<trkpt lat="45.96666" lon="2.95385"></trkpt>
<trkpt lat="45.96675" lon="2.95383"></trkpt>
<trkpt lat="45.967" lon="2.95383"></trkpt>
<trkpt lat="45.96707" lon="2.9537"></trkpt>
<trkpt lat="45.96743" lon="2.95286"></trkpt>
<trkpt lat="45.96755" lon="2.95249"></trkpt>
<trkpt lat="45.96781" lon="2.95189"></trkpt>
<trkpt lat="45.96787" lon="2.95189"></trkpt>
<trkpt lat="45.96818" lon="2.95181"></trkpt>
<trkpt lat="45.9685" lon="2.95171"></trkpt>
<trkpt lat="45.96855" lon="2.95168"></trkpt>
<trkpt lat="45.96868" lon="2.95154"></trkpt>
<trkpt lat="45.96878" lon="2.95138"></trkpt>
<trkpt lat="45.96897" lon="2.95118"></trkpt>
<trkpt lat="45.9691" lon="2.95101"></trkpt>
<trkpt lat="45.96939" lon="2.95055"></trkpt>
<trkpt lat="45.96957" lon="2.9503"></trkpt>
<trkpt lat="45.96967" lon="2.95039"></trkpt>
<trkpt lat="45.96995" lon="2.95071"></trkpt>
<trkpt lat="45.97008" lon="2.95094"></trkpt>
<trkpt lat="45.9705" lon="2.95156"></trkpt>
<trkpt lat="45.9706" lon="2.95169"></trkpt>
<trkpt lat="45.97101" lon="2.95237"></trkpt>
<trkpt lat="45.97112" lon="2.9525"></trkpt>
<trkpt lat="45.97123" lon="2.95261"></trkpt>
<trkpt lat="45.97133" lon="2.95268"></trkpt>
<trkpt lat="45.97161" lon="2.95277"></trkpt>
<trkpt lat="45.97174" lon="2.95283"></trkpt>
<trkpt lat="45.97203" lon="2.95306"></trkpt>
<trkpt lat="45.97231" lon="2.95331"></trkpt>
<trkpt lat="45.97276" lon="2.95374"></trkpt>
<trkpt lat="45.97286" lon="2.95386"></trkpt>
<trkpt lat="45.97294" lon="2.95398"></trkpt>
<trkpt lat="45.97313" lon="2.95433"></trkpt>
<trkpt lat="45.97313" lon="2.95433"></trkpt>
<trkpt lat="45.97317" lon="2.9544"></trkpt>
<trkpt lat="45.97319" lon="2.95446"></trkpt>
<trkpt lat="45.9737" lon="2.95537"></trkpt>
<trkpt lat="45.97382" lon="2.95562"></trkpt>
<trkpt lat="45.97392" lon="2.95592"></trkpt>
<trkpt lat="45.97399" lon="2.9564"></trkpt>
<trkpt lat="45.97406" lon="2.95659"></trkpt>
<trkpt lat="45.97409" lon="2.95664"></trkpt>
<trkpt lat="45.97418" lon="2.95673"></trkpt>
<trkpt lat="45.97444" lon="2.95691"></trkpt>
<trkpt lat="45.97466" lon="2.95708"></trkpt>
<trkpt lat="45.97477" lon="2.95719"></trkpt>
<trkpt lat="45.97485" lon="2.95729"></trkpt>
<trkpt lat="45.97493" lon="2.95744"></trkpt>
<trkpt lat="45.97531" lon="2.95837"></trkpt>
<trkpt lat="45.97544" lon="2.95867"></trkpt>
<trkpt lat="45.97544" lon="2.95867"></trkpt>
<trkpt lat="45.97565" lon="2.95918"></trkpt>
<trkpt lat="45.97578" lon="2.95942"></trkpt>
<trkpt lat="45.97587" lon="2.95964"></trkpt>
<trkpt lat="45.97596" lon="2.95979"></trkpt>
<trkpt lat="45.97633" lon="2.96021"></trkpt>
<trkpt lat="45.97657" lon="2.96052"></trkpt>
<trkpt lat="45.97677" lon="2.96082"></trkpt>
<trkpt lat="45.97684" lon="2.96094"></trkpt>
<trkpt lat="45.97684" lon="2.96094"></trkpt>
<trkpt lat="45.97691" lon="2.96106"></trkpt>
<trkpt lat="45.97699" lon="2.96126"></trkpt>
<trkpt lat="45.97712" lon="2.96187"></trkpt>
<trkpt lat="45.97723" lon="2.96214"></trkpt>
<trkpt lat="45.97762" lon="2.9627"></trkpt>
<trkpt lat="45.97779" lon="2.96301"></trkpt>
<trkpt lat="45.97796" lon="2.96337"></trkpt>
<trkpt lat="45.97813" lon="2.96392"></trkpt>
<trkpt lat="45.97824" lon="2.96433"></trkpt>
<trkpt lat="45.97838" lon="2.96468"></trkpt>
<trkpt lat="45.97851" lon="2.96488"></trkpt>
<trkpt lat="45.97868" lon="2.96509"></trkpt>
<trkpt lat="45.97892" lon="2.96535"></trkpt>
<trkpt lat="45.97903" lon="2.96543"></trkpt>
<trkpt lat="45.97919" lon="2.96554"></trkpt>
<trkpt lat="45.97984" lon="2.96587"></trkpt>
<trkpt lat="45.97998" lon="2.96589"></trkpt>
<trkpt lat="45.98027" lon="2.9659"></trkpt>
<trkpt lat="45.98038" lon="2.96592"></trkpt>
<trkpt lat="45.98049" lon="2.96598"></trkpt>
<trkpt lat="45.98072" lon="2.96616"></trkpt>
<trkpt lat="45.98092" lon="2.96638"></trkpt>
<trkpt lat="45.98108" lon="2.96658"></trkpt>
<trkpt lat="45.98115" lon="2.96663"></trkpt>
<trkpt lat="45.98134" lon="2.96672"></trkpt>
<trkpt lat="45.98147" lon="2.96682"></trkpt>
<trkpt lat="45.98192" lon="2.96745"></trkpt>
<trkpt lat="45.98213" lon="2.96768"></trkpt>
<trkpt lat="45.9822" lon="2.96772"></trkpt>
<trkpt lat="45.98261" lon="2.96778"></trkpt>
<trkpt lat="45.98265" lon="2.96779"></trkpt>
<trkpt lat="45.98265" lon="2.96779"></trkpt>
<trkpt lat="45.98316" lon="2.96793"></trkpt>
<trkpt lat="45.98365" lon="2.96806"></trkpt>
<trkpt lat="45.98373" lon="2.96811"></trkpt>
<trkpt lat="45.98379" lon="2.96817"></trkpt>
<trkpt lat="45.98413" lon="2.96875"></trkpt>
<trkpt lat="45.98419" lon="2.9688"></trkpt>
<trkpt lat="45.98438" lon="2.96887"></trkpt>
<trkpt lat="45.9845" lon="2.96893"></trkpt>
<trkpt lat="45.98475" lon="2.96908"></trkpt>
<trkpt lat="45.98481" lon="2.96909"></trkpt>
<trkpt lat="45.98506" lon="2.96901"></trkpt>
<trkpt lat="45.98541" lon="2.96903"></trkpt>
<trkpt lat="45.98572" lon="2.96902"></trkpt>
<trkpt lat="45.98587" lon="2.96904"></trkpt>
<trkpt lat="45.98601" lon="2.96908"></trkpt>
<trkpt lat="45.98636" lon="2.96934"></trkpt>
<trkpt lat="45.98646" lon="2.96946"></trkpt>
<trkpt lat="45.98662" lon="2.96975"></trkpt>
<trkpt lat="45.98667" lon="2.96981"></trkpt>
<trkpt lat="45.98671" lon="2.96983"></trkpt>
<trkpt lat="45.98678" lon="2.96987"></trkpt>
<trkpt lat="45.98713" lon="2.96996"></trkpt>
<trkpt lat="45.98727" lon="2.97002"></trkpt>
<trkpt lat="45.98788" lon="2.9704"></trkpt>
<trkpt lat="45.98802" lon="2.97052"></trkpt>
<trkpt lat="45.98825" lon="2.97068"></trkpt>
<trkpt lat="45.98846" lon="2.97074"></trkpt>
<trkpt lat="45.98862" lon="2.97077"></trkpt>
<trkpt lat="45.98871" lon="2.97082"></trkpt>
<trkpt lat="45.98883" lon="2.97091"></trkpt>
<trkpt lat="45.98895" lon="2.97102"></trkpt>
<trkpt lat="45.98904" lon="2.97107"></trkpt>
<trkpt lat="45.9892" lon="2.97112"></trkpt>
<trkpt lat="45.98936" lon="2.97113"></trkpt>
<trkpt lat="45.98955" lon="2.97106"></trkpt>
<trkpt lat="45.98967" lon="2.97098"></trkpt>
<trkpt lat="45.98967" lon="2.97098"></trkpt>
<trkpt lat="45.9898" lon="2.9709"></trkpt>
<trkpt lat="45.99009" lon="2.97077"></trkpt>
<trkpt lat="45.99015" lon="2.97077"></trkpt>
<trkpt lat="45.99047" lon="2.97085"></trkpt>
<trkpt lat="45.99061" lon="2.9709"></trkpt>
<trkpt lat="45.99087" lon="2.97097"></trkpt>
<trkpt lat="45.99097" lon="2.97099"></trkpt>
<trkpt lat="45.99107" lon="2.97099"></trkpt>
<trkpt lat="45.99122" lon="2.97097"></trkpt>
<trkpt lat="45.9917" lon="2.97084"></trkpt>
<trkpt lat="45.99186" lon="2.97081"></trkpt>
<trkpt lat="45.99221" lon="2.97071"></trkpt>
<trkpt lat="45.99262" lon="2.97064"></trkpt>
<trkpt lat="45.99268" lon="2.97064"></trkpt>
<trkpt lat="45.99275" lon="2.97069"></trkpt>
<trkpt lat="45.99281" lon="2.97076"></trkpt>
<trkpt lat="45.99296" lon="2.971"></trkpt>
<trkpt lat="45.99302" lon="2.97103"></trkpt>
<trkpt lat="45.99308" lon="2.97101"></trkpt>
<trkpt lat="45.99311" lon="2.97098"></trkpt>
<trkpt lat="45.99322" lon="2.9708"></trkpt>
<trkpt lat="45.99328" lon="2.97075"></trkpt>
<trkpt lat="45.99365" lon="2.97054"></trkpt>
<trkpt lat="45.99383" lon="2.97047"></trkpt>
<trkpt lat="45.99405" lon="2.97049"></trkpt>
<trkpt lat="45.99415" lon="2.97051"></trkpt>
<trkpt lat="45.99431" lon="2.97059"></trkpt>
<trkpt lat="45.9945" lon="2.97067"></trkpt>
<trkpt lat="45.99509" lon="2.97101"></trkpt>
<trkpt lat="45.99516" lon="2.97108"></trkpt>
<trkpt lat="45.99524" lon="2.97119"></trkpt>
<trkpt lat="45.99532" lon="2.97138"></trkpt>
<trkpt lat="45.9954" lon="2.97164"></trkpt>
<trkpt lat="45.99544" lon="2.97173"></trkpt>
<trkpt lat="45.99544" lon="2.97173"></trkpt>
<trkpt lat="45.99548" lon="2.97182"></trkpt>
<trkpt lat="45.99557" lon="2.97199"></trkpt>
<trkpt lat="45.99583" lon="2.97232"></trkpt>
<trkpt lat="45.99606" lon="2.97263"></trkpt>
<trkpt lat="45.99613" lon="2.97268"></trkpt>
<trkpt lat="45.99628" lon="2.97271"></trkpt>
<trkpt lat="45.9964" lon="2.97276"></trkpt>
<trkpt lat="45.99647" lon="2.97282"></trkpt>
<trkpt lat="45.99658" lon="2.97297"></trkpt>
<trkpt lat="45.99663" lon="2.97307"></trkpt>
<trkpt lat="45.9967" lon="2.97317"></trkpt>
<trkpt lat="45.99677" lon="2.97322"></trkpt>
<trkpt lat="45.99689" lon="2.97359"></trkpt>
<trkpt lat="45.99707" lon="2.97407"></trkpt>
<trkpt lat="45.99717" lon="2.97428"></trkpt>
<trkpt lat="45.99812" lon="2.97612"></trkpt>
<trkpt lat="45.9983" lon="2.97643"></trkpt>
<trkpt lat="45.99853" lon="2.9767"></trkpt>
<trkpt lat="45.99991" lon="2.97801"></trkpt>
<trkpt lat="46.00062" lon="2.97868"></trkpt>
<trkpt lat="46.00082" lon="2.97889"></trkpt>
<trkpt lat="46.00091" lon="2.97901"></trkpt>
<trkpt lat="46.00104" lon="2.97926"></trkpt>
<trkpt lat="46.00104" lon="2.97918"></trkpt>
<trkpt lat="46.00108" lon="2.97916"></trkpt>
<trkpt lat="46.0012" lon="2.97921"></trkpt>
<trkpt lat="46.00132" lon="2.97929"></trkpt>
<trkpt lat="46.00137" lon="2.97935"></trkpt>
<trkpt lat="46.00141" lon="2.97943"></trkpt>
<trkpt lat="46.00143" lon="2.97953"></trkpt>
<trkpt lat="46.00142" lon="2.97987"></trkpt>
<trkpt lat="46.00143" lon="2.98007"></trkpt>
<trkpt lat="46.00145" lon="2.98019"></trkpt>
<trkpt lat="46.00159" lon="2.9806"></trkpt>
<trkpt lat="46.00175" lon="2.98115"></trkpt>
<trkpt lat="46.00228" lon="2.9825"></trkpt>
<trkpt lat="46.00236" lon="2.98263"></trkpt>
<trkpt lat="46.00271" lon="2.98294"></trkpt>
<trkpt lat="46.00296" lon="2.98315"></trkpt>
<trkpt lat="46.00306" lon="2.98322"></trkpt>
<trkpt lat="46.00331" lon="2.98331"></trkpt>
<trkpt lat="46.00349" lon="2.98334"></trkpt>
<trkpt lat="46.00432" lon="2.98343"></trkpt>
<trkpt lat="46.00466" lon="2.98343"></trkpt>
<trkpt lat="46.00504" lon="2.98341"></trkpt>
<trkpt lat="46.00533" lon="2.98337"></trkpt>
<trkpt lat="46.00553" lon="2.98328"></trkpt>
<trkpt lat="46.0057" lon="2.98314"></trkpt>
<trkpt lat="46.00626" lon="2.9825"></trkpt>
<trkpt lat="46.00643" lon="2.98237"></trkpt>
<trkpt lat="46.00669" lon="2.98225"></trkpt>
<trkpt lat="46.00682" lon="2.98227"></trkpt>
<trkpt lat="46.0069" lon="2.98231"></trkpt>
<trkpt lat="46.00699" lon="2.98238"></trkpt>
<trkpt lat="46.00715" lon="2.98245"></trkpt>
<trkpt lat="46.00722" lon="2.98247"></trkpt>
<trkpt lat="46.00735" lon="2.98248"></trkpt>
<trkpt lat="46.00777" lon="2.98261"></trkpt>
<trkpt lat="46.00791" lon="2.9826"></trkpt>
<trkpt lat="46.00805" lon="2.98248"></trkpt>
<trkpt lat="46.00812" lon="2.98239"></trkpt>
<trkpt lat="46.00817" lon="2.98228"></trkpt>
<trkpt lat="46.00822" lon="2.98214"></trkpt>
<trkpt lat="46.00825" lon="2.98198"></trkpt>
<trkpt lat="46.00825" lon="2.98193"></trkpt>
<trkpt lat="46.0082" lon="2.98175"></trkpt>
<trkpt lat="46.00811" lon="2.98157"></trkpt>
<trkpt lat="46.00771" lon="2.98089"></trkpt>
<trkpt lat="46.00763" lon="2.98066"></trkpt>
<trkpt lat="46.00763" lon="2.98058"></trkpt>
<trkpt lat="46.00765" lon="2.98045"></trkpt>
<trkpt lat="46.00773" lon="2.98037"></trkpt>
<trkpt lat="46.00777" lon="2.98036"></trkpt>
<trkpt lat="46.00783" lon="2.9804"></trkpt>
<trkpt lat="46.00806" lon="2.98074"></trkpt>
<trkpt lat="46.00811" lon="2.98079"></trkpt>
<trkpt lat="46.00822" lon="2.98087"></trkpt>
<trkpt lat="46.00826" lon="2.98088"></trkpt>
<trkpt lat="46.00829" lon="2.98088"></trkpt>
<trkpt lat="46.00841" lon="2.98082"></trkpt>
<trkpt lat="46.00848" lon="2.9808"></trkpt>
<trkpt lat="46.00859" lon="2.9808"></trkpt>
<trkpt lat="46.00902" lon="2.98104"></trkpt>
<trkpt lat="46.0091" lon="2.98102"></trkpt>
<trkpt lat="46.00927" lon="2.98088"></trkpt>
<trkpt lat="46.0096" lon="2.98057"></trkpt>
<trkpt lat="46.00991" lon="2.98033"></trkpt>
<trkpt lat="46.01026" lon="2.98012"></trkpt>
<trkpt lat="46.01077" lon="2.97977"></trkpt>
<trkpt lat="46.01084" lon="2.9797"></trkpt>
<trkpt lat="46.0109" lon="2.9796"></trkpt>
<trkpt lat="46.01105" lon="2.97936"></trkpt>
<trkpt lat="46.01112" lon="2.97928"></trkpt>
<trkpt lat="46.01118" lon="2.97921"></trkpt>
<trkpt lat="46.01138" lon="2.97908"></trkpt>
<trkpt lat="46.01149" lon="2.97903"></trkpt>
<trkpt lat="46.01149" lon="2.97903"></trkpt>
<trkpt lat="46.01158" lon="2.97899"></trkpt>
<trkpt lat="46.01166" lon="2.97894"></trkpt>
<trkpt lat="46.01177" lon="2.97885"></trkpt>
<trkpt lat="46.01202" lon="2.97858"></trkpt>
<trkpt lat="46.01217" lon="2.97846"></trkpt>
<trkpt lat="46.01241" lon="2.97831"></trkpt>
<trkpt lat="46.01261" lon="2.97822"></trkpt>
<trkpt lat="46.01269" lon="2.9782"></trkpt>
<trkpt lat="46.0129" lon="2.97819"></trkpt>
<trkpt lat="46.01304" lon="2.97816"></trkpt>
<trkpt lat="46.01386" lon="2.97789"></trkpt>
<trkpt lat="46.01422" lon="2.97773"></trkpt>
<trkpt lat="46.0144" lon="2.9776"></trkpt>
<trkpt lat="46.0147" lon="2.97741"></trkpt>
<trkpt lat="46.01477" lon="2.97736"></trkpt>
<trkpt lat="46.01496" lon="2.97716"></trkpt>
<trkpt lat="46.01514" lon="2.97693"></trkpt>
<trkpt lat="46.01528" lon="2.97672"></trkpt>
<trkpt lat="46.01549" lon="2.9765"></trkpt>
<trkpt lat="46.01582" lon="2.97629"></trkpt>
<trkpt lat="46.01605" lon="2.97608"></trkpt>
<trkpt lat="46.01605" lon="2.97608"></trkpt>
<trkpt lat="46.01618" lon="2.97595"></trkpt>
<trkpt lat="46.0164" lon="2.9756"></trkpt>
<trkpt lat="46.01657" lon="2.97542"></trkpt>
<trkpt lat="46.01664" lon="2.97537"></trkpt>
<trkpt lat="46.01689" lon="2.97521"></trkpt>
<trkpt lat="46.01743" lon="2.97482"></trkpt>
<trkpt lat="46.01777" lon="2.97464"></trkpt>
<trkpt lat="46.01838" lon="2.9743"></trkpt>
<trkpt lat="46.01882" lon="2.97399"></trkpt>
<trkpt lat="46.01898" lon="2.9739"></trkpt>
<trkpt lat="46.01919" lon="2.97376"></trkpt>
<trkpt lat="46.01929" lon="2.9737"></trkpt>
<trkpt lat="46.01942" lon="2.97367"></trkpt>
<trkpt lat="46.01959" lon="2.97369"></trkpt>
<trkpt lat="46.02073" lon="2.97411"></trkpt>
<trkpt lat="46.02118" lon="2.97424"></trkpt>
<trkpt lat="46.02195" lon="2.97431"></trkpt>
<trkpt lat="46.02207" lon="2.97434"></trkpt>
<trkpt lat="46.02214" lon="2.97438"></trkpt>
<trkpt lat="46.02218" lon="2.97442"></trkpt>
<trkpt lat="46.0225" lon="2.97473"></trkpt>
<trkpt lat="46.02279" lon="2.97506"></trkpt>
<trkpt lat="46.02305" lon="2.97539"></trkpt>
<trkpt lat="46.02322" lon="2.97557"></trkpt>
<trkpt lat="46.0234" lon="2.97571"></trkpt>
<trkpt lat="46.0235" lon="2.97577"></trkpt>
<trkpt lat="46.02358" lon="2.9758"></trkpt>
<trkpt lat="46.02362" lon="2.9758"></trkpt>
<trkpt lat="46.02361" lon="2.97636"></trkpt>
<trkpt lat="46.02363" lon="2.97666"></trkpt>
<trkpt lat="46.02367" lon="2.97696"></trkpt>
<trkpt lat="46.02387" lon="2.97812"></trkpt>
<trkpt lat="46.02391" lon="2.97844"></trkpt>
<trkpt lat="46.02395" lon="2.97908"></trkpt>
<trkpt lat="46.02396" lon="2.97944"></trkpt>
<trkpt lat="46.02395" lon="2.97979"></trkpt>
<trkpt lat="46.02387" lon="2.98077"></trkpt>
<trkpt lat="46.02369" lon="2.98229"></trkpt>
<trkpt lat="46.02355" lon="2.98369"></trkpt>
<trkpt lat="46.02348" lon="2.98406"></trkpt>
<trkpt lat="46.02344" lon="2.98419"></trkpt>
<trkpt lat="46.02332" lon="2.98449"></trkpt>
<trkpt lat="46.02271" lon="2.9858"></trkpt>
<trkpt lat="46.02249" lon="2.98622"></trkpt>
<trkpt lat="46.02205" lon="2.98702"></trkpt>
<trkpt lat="46.02175" lon="2.98761"></trkpt>
<trkpt lat="46.02149" lon="2.98819"></trkpt>
<trkpt lat="46.02123" lon="2.98884"></trkpt>
<trkpt lat="46.02088" lon="2.98974"></trkpt>
<trkpt lat="46.02053" lon="2.99087"></trkpt>
<trkpt lat="46.02008" lon="2.9921"></trkpt>
<trkpt lat="46.02005" lon="2.9923"></trkpt>
<trkpt lat="46.02007" lon="2.99242"></trkpt>
<trkpt lat="46.0201" lon="2.99251"></trkpt>
<trkpt lat="46.02017" lon="2.99264"></trkpt>
<trkpt lat="46.0203" lon="2.99279"></trkpt>
<trkpt lat="46.0206" lon="2.99302"></trkpt>
<trkpt lat="46.02066" lon="2.99309"></trkpt>
<trkpt lat="46.0207" lon="2.99316"></trkpt>
<trkpt lat="46.02077" lon="2.99333"></trkpt>
<trkpt lat="46.02108" lon="2.99443"></trkpt>
<trkpt lat="46.02111" lon="2.99453"></trkpt>
<trkpt lat="46.02124" lon="2.99476"></trkpt>
<trkpt lat="46.0214" lon="2.99491"></trkpt>
<trkpt lat="46.02155" lon="2.995"></trkpt>
<trkpt lat="46.02176" lon="2.9951"></trkpt>
<trkpt lat="46.02187" lon="2.99514"></trkpt>
<trkpt lat="46.02198" lon="2.99516"></trkpt>
<trkpt lat="46.02254" lon="2.99521"></trkpt>
<trkpt lat="46.02305" lon="2.99527"></trkpt>
<trkpt lat="46.0236" lon="2.99527"></trkpt>
<trkpt lat="46.02385" lon="2.9953"></trkpt>
<trkpt lat="46.02399" lon="2.99533"></trkpt>
<trkpt lat="46.02414" lon="2.99542"></trkpt>
<trkpt lat="46.02419" lon="2.99548"></trkpt>
<trkpt lat="46.02422" lon="2.99554"></trkpt>
<trkpt lat="46.02425" lon="2.99572"></trkpt>
<trkpt lat="46.02419" lon="2.99618"></trkpt>
<trkpt lat="46.02414" lon="2.99656"></trkpt>
<trkpt lat="46.02408" lon="2.99718"></trkpt>
<trkpt lat="46.02403" lon="2.99755"></trkpt>
<trkpt lat="46.02394" lon="2.9979"></trkpt>
<trkpt lat="46.02379" lon="2.99836"></trkpt>
<trkpt lat="46.02374" lon="2.99856"></trkpt>
<trkpt lat="46.02364" lon="2.99921"></trkpt>
<trkpt lat="46.02354" lon="2.99956"></trkpt>
<trkpt lat="46.02338" lon="2.9999"></trkpt>
<trkpt lat="46.02327" lon="3.00006"></trkpt>
<trkpt lat="46.02316" lon="3.00019"></trkpt>
<trkpt lat="46.02244" lon="3.00087"></trkpt>
<trkpt lat="46.02231" lon="3.001"></trkpt>
<trkpt lat="46.0222" lon="3.00114"></trkpt>
<trkpt lat="46.02195" lon="3.0016"></trkpt>
<trkpt lat="46.02181" lon="3.0019"></trkpt>
<trkpt lat="46.02174" lon="3.00208"></trkpt>
<trkpt lat="46.0217" lon="3.00223"></trkpt>
<trkpt lat="46.02168" lon="3.00236"></trkpt>
<trkpt lat="46.02167" lon="3.0026"></trkpt>
<trkpt lat="46.02169" lon="3.0027"></trkpt>
<trkpt lat="46.02176" lon="3.00285"></trkpt>
<trkpt lat="46.02191" lon="3.00303"></trkpt>
<trkpt lat="46.02215" lon="3.00325"></trkpt>
<trkpt lat="46.02235" lon="3.00349"></trkpt>
<trkpt lat="46.02245" lon="3.00364"></trkpt>
<trkpt lat="46.02276" lon="3.0042"></trkpt>
<trkpt lat="46.02285" lon="3.00434"></trkpt>
<trkpt lat="46.02307" lon="3.00463"></trkpt>
<trkpt lat="46.02344" lon="3.00505"></trkpt>
<trkpt lat="46.02356" lon="3.00516"></trkpt>
<trkpt lat="46.02362" lon="3.00519"></trkpt>
<trkpt lat="46.02367" lon="3.0052"></trkpt>
<trkpt lat="46.02379" lon="3.00517"></trkpt>
<trkpt lat="46.02395" lon="3.0051"></trkpt>
<trkpt lat="46.02402" lon="3.00509"></trkpt>
<trkpt lat="46.02409" lon="3.0051"></trkpt>
<trkpt lat="46.02416" lon="3.00514"></trkpt>
<trkpt lat="46.02425" lon="3.00526"></trkpt>
<trkpt lat="46.02432" lon="3.00545"></trkpt>
<trkpt lat="46.02433" lon="3.00555"></trkpt>
<trkpt lat="46.0243" lon="3.00572"></trkpt>
<trkpt lat="46.02418" lon="3.00598"></trkpt>
<trkpt lat="46.0241" lon="3.00621"></trkpt>
<trkpt lat="46.02407" lon="3.00636"></trkpt>
<trkpt lat="46.02406" lon="3.00649"></trkpt>
<trkpt lat="46.02405" lon="3.00713"></trkpt>
<trkpt lat="46.02397" lon="3.00747"></trkpt>
<trkpt lat="46.02387" lon="3.00777"></trkpt>
<trkpt lat="46.02384" lon="3.00789"></trkpt>
<trkpt lat="46.02382" lon="3.00804"></trkpt>
<trkpt lat="46.02381" lon="3.00822"></trkpt>
<trkpt lat="46.02382" lon="3.00845"></trkpt>
<trkpt lat="46.02388" lon="3.00942"></trkpt>
<trkpt lat="46.02391" lon="3.00969"></trkpt>
<trkpt lat="46.02395" lon="3.00991"></trkpt>
<trkpt lat="46.02404" lon="3.01028"></trkpt>
<trkpt lat="46.02421" lon="3.0109"></trkpt>
<trkpt lat="46.02424" lon="3.01112"></trkpt>
<trkpt lat="46.02421" lon="3.01133"></trkpt>
<trkpt lat="46.02418" lon="3.01142"></trkpt>
<trkpt lat="46.02408" lon="3.01161"></trkpt>
<trkpt lat="46.02389" lon="3.01191"></trkpt>
<trkpt lat="46.02383" lon="3.01208"></trkpt>
<trkpt lat="46.02382" lon="3.01218"></trkpt>
<trkpt lat="46.02383" lon="3.0123"></trkpt>
<trkpt lat="46.02386" lon="3.01243"></trkpt>
<trkpt lat="46.02406" lon="3.01305"></trkpt>
<trkpt lat="46.02418" lon="3.01334"></trkpt>
<trkpt lat="46.02433" lon="3.0136"></trkpt>
<trkpt lat="46.02448" lon="3.01378"></trkpt>
<trkpt lat="46.02465" lon="3.01403"></trkpt>
<trkpt lat="46.02469" lon="3.01422"></trkpt>
<trkpt lat="46.02469" lon="3.01432"></trkpt>
<trkpt lat="46.02467" lon="3.01443"></trkpt>
<trkpt lat="46.02457" lon="3.01469"></trkpt>
<trkpt lat="46.02437" lon="3.01508"></trkpt>
<trkpt lat="46.0243" lon="3.01519"></trkpt>
<trkpt lat="46.02418" lon="3.01534"></trkpt>
<trkpt lat="46.02397" lon="3.01554"></trkpt>
<trkpt lat="46.02362" lon="3.01583"></trkpt>
<trkpt lat="46.02337" lon="3.016"></trkpt>
<trkpt lat="46.02311" lon="3.0161"></trkpt>
<trkpt lat="46.02297" lon="3.01613"></trkpt>
<trkpt lat="46.02268" lon="3.01616"></trkpt>
<trkpt lat="46.0226" lon="3.01619"></trkpt>
<trkpt lat="46.02249" lon="3.0163"></trkpt>
<trkpt lat="46.02245" lon="3.01637"></trkpt>
<trkpt lat="46.02241" lon="3.01655"></trkpt>
<trkpt lat="46.02241" lon="3.01667"></trkpt>
<trkpt lat="46.02243" lon="3.01684"></trkpt>
<trkpt lat="46.02248" lon="3.01706"></trkpt>
<trkpt lat="46.02254" lon="3.01724"></trkpt>
<trkpt lat="46.02263" lon="3.01742"></trkpt>
<trkpt lat="46.02273" lon="3.01757"></trkpt>
<trkpt lat="46.0228" lon="3.01772"></trkpt>
<trkpt lat="46.02285" lon="3.01789"></trkpt>
<trkpt lat="46.02289" lon="3.0181"></trkpt>
<trkpt lat="46.0229" lon="3.01825"></trkpt>
<trkpt lat="46.02289" lon="3.01836"></trkpt>
<trkpt lat="46.02286" lon="3.0185"></trkpt>
<trkpt lat="46.02283" lon="3.01858"></trkpt>
<trkpt lat="46.02278" lon="3.01866"></trkpt>
<trkpt lat="46.02273" lon="3.01871"></trkpt>
<trkpt lat="46.02266" lon="3.01877"></trkpt>
<trkpt lat="46.02247" lon="3.01889"></trkpt>
<trkpt lat="46.0224" lon="3.01897"></trkpt>
<trkpt lat="46.0223" lon="3.01917"></trkpt>
<trkpt lat="46.02225" lon="3.01936"></trkpt>
<trkpt lat="46.02224" lon="3.01945"></trkpt>
<trkpt lat="46.02225" lon="3.01966"></trkpt>
<trkpt lat="46.02228" lon="3.01975"></trkpt>
<trkpt lat="46.02234" lon="3.01987"></trkpt>
<trkpt lat="46.02275" lon="3.02047"></trkpt>
<trkpt lat="46.02302" lon="3.02084"></trkpt>
<trkpt lat="46.02321" lon="3.02107"></trkpt>
<trkpt lat="46.02328" lon="3.02112"></trkpt>
<trkpt lat="46.02334" lon="3.02114"></trkpt>
<trkpt lat="46.02341" lon="3.02114"></trkpt>
<trkpt lat="46.02351" lon="3.02112"></trkpt>
<trkpt lat="46.02384" lon="3.02098"></trkpt>
<trkpt lat="46.02397" lon="3.02095"></trkpt>
<trkpt lat="46.02403" lon="3.02096"></trkpt>
<trkpt lat="46.02409" lon="3.02099"></trkpt>
<trkpt lat="46.02416" lon="3.02105"></trkpt>
<trkpt lat="46.02422" lon="3.02113"></trkpt>
<trkpt lat="46.02427" lon="3.02122"></trkpt>
<trkpt lat="46.0243" lon="3.02132"></trkpt>
<trkpt lat="46.02431" lon="3.02149"></trkpt>
<trkpt lat="46.02429" lon="3.02159"></trkpt>
<trkpt lat="46.02425" lon="3.02169"></trkpt>
<trkpt lat="46.0242" lon="3.02177"></trkpt>
<trkpt lat="46.02378" lon="3.02226"></trkpt>
<trkpt lat="46.02371" lon="3.02236"></trkpt>
<trkpt lat="46.02365" lon="3.02248"></trkpt>
<trkpt lat="46.02358" lon="3.02275"></trkpt>
<trkpt lat="46.02357" lon="3.0231"></trkpt>
<trkpt lat="46.02364" lon="3.02399"></trkpt>
<trkpt lat="46.02366" lon="3.02479"></trkpt>
<trkpt lat="46.02373" lon="3.02513"></trkpt>
<trkpt lat="46.02381" lon="3.02537"></trkpt>
<trkpt lat="46.02393" lon="3.02567"></trkpt>
<trkpt lat="46.02402" lon="3.02584"></trkpt>
<trkpt lat="46.02402" lon="3.02584"></trkpt>
<trkpt lat="46.02403" lon="3.02585"></trkpt>
<trkpt lat="46.02416" lon="3.02606"></trkpt>
<trkpt lat="46.02534" lon="3.02778"></trkpt>
<trkpt lat="46.02556" lon="3.02815"></trkpt>
<trkpt lat="46.02575" lon="3.02854"></trkpt>
<trkpt lat="46.02583" lon="3.02876"></trkpt>
<trkpt lat="46.02589" lon="3.02897"></trkpt>
<trkpt lat="46.02593" lon="3.02915"></trkpt>
<trkpt lat="46.02595" lon="3.02931"></trkpt>
<trkpt lat="46.02596" lon="3.02948"></trkpt>
<trkpt lat="46.02592" lon="3.02983"></trkpt>
<trkpt lat="46.02591" lon="3.03003"></trkpt>
<trkpt lat="46.02592" lon="3.03021"></trkpt>
<trkpt lat="46.02602" lon="3.03097"></trkpt>
<trkpt lat="46.02606" lon="3.03118"></trkpt>
<trkpt lat="46.02623" lon="3.03182"></trkpt>
<trkpt lat="46.02629" lon="3.03211"></trkpt>
<trkpt lat="46.0263" lon="3.03225"></trkpt>
<trkpt lat="46.02629" lon="3.03242"></trkpt>
<trkpt lat="46.02623" lon="3.03301"></trkpt>
<trkpt lat="46.02623" lon="3.03348"></trkpt>
<trkpt lat="46.02625" lon="3.03362"></trkpt>
<trkpt lat="46.02627" lon="3.0337"></trkpt>
<trkpt lat="46.02631" lon="3.03379"></trkpt>
<trkpt lat="46.02636" lon="3.03385"></trkpt>
<trkpt lat="46.02641" lon="3.03388"></trkpt>
<trkpt lat="46.02653" lon="3.03391"></trkpt>
<trkpt lat="46.02659" lon="3.0339"></trkpt>
<trkpt lat="46.02676" lon="3.03383"></trkpt>
<trkpt lat="46.02702" lon="3.03368"></trkpt>
<trkpt lat="46.02745" lon="3.03336"></trkpt>
<trkpt lat="46.02755" lon="3.03331"></trkpt>
<trkpt lat="46.02766" lon="3.03328"></trkpt>
<trkpt lat="46.02776" lon="3.03327"></trkpt>
<trkpt lat="46.02807" lon="3.0333"></trkpt>
<trkpt lat="46.0283" lon="3.03334"></trkpt>
<trkpt lat="46.0285" lon="3.03339"></trkpt>
<trkpt lat="46.02858" lon="3.03345"></trkpt>
<trkpt lat="46.02864" lon="3.03355"></trkpt>
<trkpt lat="46.02867" lon="3.03366"></trkpt>
<trkpt lat="46.02868" lon="3.03376"></trkpt>
<trkpt lat="46.02865" lon="3.03433"></trkpt>
<trkpt lat="46.02864" lon="3.03452"></trkpt>
<trkpt lat="46.02868" lon="3.03466"></trkpt>
<trkpt lat="46.02872" lon="3.035"></trkpt>
<trkpt lat="46.02873" lon="3.03521"></trkpt>
<trkpt lat="46.02872" lon="3.03538"></trkpt>
<trkpt lat="46.02869" lon="3.03556"></trkpt>
<trkpt lat="46.02864" lon="3.03572"></trkpt>
<trkpt lat="46.02849" lon="3.03602"></trkpt>
<trkpt lat="46.02846" lon="3.03611"></trkpt>
<trkpt lat="46.02845" lon="3.03621"></trkpt>
<trkpt lat="46.02846" lon="3.03632"></trkpt>
<trkpt lat="46.02849" lon="3.03643"></trkpt>
<trkpt lat="46.02857" lon="3.03661"></trkpt>
<trkpt lat="46.02878" lon="3.03695"></trkpt>
<trkpt lat="46.02882" lon="3.03706"></trkpt>
<trkpt lat="46.02886" lon="3.03733"></trkpt>
<trkpt lat="46.02891" lon="3.03783"></trkpt>
<trkpt lat="46.02895" lon="3.03805"></trkpt>
<trkpt lat="46.02901" lon="3.03827"></trkpt>
<trkpt lat="46.02909" lon="3.03848"></trkpt>
<trkpt lat="46.02918" lon="3.03867"></trkpt>
<trkpt lat="46.02929" lon="3.03881"></trkpt>
<trkpt lat="46.0294" lon="3.03891"></trkpt>
<trkpt lat="46.02987" lon="3.03917"></trkpt>
<trkpt lat="46.02999" lon="3.03929"></trkpt>
<trkpt lat="46.03002" lon="3.03935"></trkpt>
<trkpt lat="46.03004" lon="3.03943"></trkpt>
<trkpt lat="46.03004" lon="3.03949"></trkpt>
<trkpt lat="46.03" lon="3.03963"></trkpt>
<trkpt lat="46.02995" lon="3.0397"></trkpt>
<trkpt lat="46.02973" lon="3.03991"></trkpt>
<trkpt lat="46.02968" lon="3.03998"></trkpt>
<trkpt lat="46.02965" lon="3.04007"></trkpt>
<trkpt lat="46.02964" lon="3.04017"></trkpt>
<trkpt lat="46.02965" lon="3.04027"></trkpt>
<trkpt lat="46.02968" lon="3.04035"></trkpt>
<trkpt lat="46.02974" lon="3.04046"></trkpt>
<trkpt lat="46.02998" lon="3.04076"></trkpt>
<trkpt lat="46.03005" lon="3.04087"></trkpt>
<trkpt lat="46.03009" lon="3.04097"></trkpt>
<trkpt lat="46.03011" lon="3.04106"></trkpt>
<trkpt lat="46.03024" lon="3.04234"></trkpt>
<trkpt lat="46.03031" lon="3.04288"></trkpt>
<trkpt lat="46.03037" lon="3.04309"></trkpt>
<trkpt lat="46.03046" lon="3.04326"></trkpt>
<trkpt lat="46.03061" lon="3.04341"></trkpt>
<trkpt lat="46.03074" lon="3.04349"></trkpt>
<trkpt lat="46.03167" lon="3.04397"></trkpt>
<trkpt lat="46.03196" lon="3.04415"></trkpt>
<trkpt lat="46.0321" lon="3.04426"></trkpt>
<trkpt lat="46.03252" lon="3.04466"></trkpt>
<trkpt lat="46.03263" lon="3.04474"></trkpt>
<trkpt lat="46.03272" lon="3.04478"></trkpt>
<trkpt lat="46.03281" lon="3.0448"></trkpt>
<trkpt lat="46.03291" lon="3.0448"></trkpt>
<trkpt lat="46.03311" lon="3.04476"></trkpt>
<trkpt lat="46.03322" lon="3.04475"></trkpt>
<trkpt lat="46.03345" lon="3.04479"></trkpt>
<trkpt lat="46.03352" lon="3.04479"></trkpt>
<trkpt lat="46.03359" lon="3.04477"></trkpt>
<trkpt lat="46.03364" lon="3.04474"></trkpt>
<trkpt lat="46.03368" lon="3.04469"></trkpt>
<trkpt lat="46.03372" lon="3.0446"></trkpt>
<trkpt lat="46.03385" lon="3.04414"></trkpt>
<trkpt lat="46.03403" lon="3.04365"></trkpt>
<trkpt lat="46.03414" lon="3.04342"></trkpt>
<trkpt lat="46.03439" lon="3.04305"></trkpt>
<trkpt lat="46.03492" lon="3.04246"></trkpt>
<trkpt lat="46.03553" lon="3.04183"></trkpt>
<trkpt lat="46.03561" lon="3.04177"></trkpt>
<trkpt lat="46.03575" lon="3.04172"></trkpt>
<trkpt lat="46.03584" lon="3.04171"></trkpt>
<trkpt lat="46.03603" lon="3.04172"></trkpt>
<trkpt lat="46.03611" lon="3.0417"></trkpt>
<trkpt lat="46.03618" lon="3.04166"></trkpt>
<trkpt lat="46.03624" lon="3.0416"></trkpt>
<trkpt lat="46.03633" lon="3.04141"></trkpt>
<trkpt lat="46.03637" lon="3.04127"></trkpt>
<trkpt lat="46.03639" lon="3.0411"></trkpt>
<trkpt lat="46.0364" lon="3.04092"></trkpt>
<trkpt lat="46.03639" lon="3.04072"></trkpt>
<trkpt lat="46.03636" lon="3.04051"></trkpt>
<trkpt lat="46.03607" lon="3.03921"></trkpt>
<trkpt lat="46.03602" lon="3.03893"></trkpt>
<trkpt lat="46.03599" lon="3.03867"></trkpt>
<trkpt lat="46.03598" lon="3.0383"></trkpt>
<trkpt lat="46.03599" lon="3.03815"></trkpt>
<trkpt lat="46.03602" lon="3.03803"></trkpt>
<trkpt lat="46.03607" lon="3.03792"></trkpt>
<trkpt lat="46.03613" lon="3.03782"></trkpt>
<trkpt lat="46.03622" lon="3.03771"></trkpt>
<trkpt lat="46.03649" lon="3.03742"></trkpt>
<trkpt lat="46.0366" lon="3.03723"></trkpt>
<trkpt lat="46.03662" lon="3.03714"></trkpt>
<trkpt lat="46.03663" lon="3.03701"></trkpt>
<trkpt lat="46.03662" lon="3.03688"></trkpt>
<trkpt lat="46.03655" lon="3.03661"></trkpt>
<trkpt lat="46.03649" lon="3.03646"></trkpt>
<trkpt lat="46.03628" lon="3.03605"></trkpt>
<trkpt lat="46.03615" lon="3.03574"></trkpt>
<trkpt lat="46.0361" lon="3.03555"></trkpt>
<trkpt lat="46.03606" lon="3.03532"></trkpt>
<trkpt lat="46.03601" lon="3.03498"></trkpt>
<trkpt lat="46.03596" lon="3.03441"></trkpt>
<trkpt lat="46.03596" lon="3.03414"></trkpt>
<trkpt lat="46.03598" lon="3.03386"></trkpt>
<trkpt lat="46.03605" lon="3.03336"></trkpt>
<trkpt lat="46.0361" lon="3.03316"></trkpt>
<trkpt lat="46.03617" lon="3.03297"></trkpt>
<trkpt lat="46.03626" lon="3.0328"></trkpt>
<trkpt lat="46.03698" lon="3.03179"></trkpt>
<trkpt lat="46.03711" lon="3.03162"></trkpt>
<trkpt lat="46.03723" lon="3.03149"></trkpt>
<trkpt lat="46.03735" lon="3.03139"></trkpt>
<trkpt lat="46.03747" lon="3.03132"></trkpt>
<trkpt lat="46.0376" lon="3.03126"></trkpt>
<trkpt lat="46.03776" lon="3.03121"></trkpt>
<trkpt lat="46.03792" lon="3.03119"></trkpt>
<trkpt lat="46.03812" lon="3.03119"></trkpt>
<trkpt lat="46.03855" lon="3.03124"></trkpt>
<trkpt lat="46.03867" lon="3.03126"></trkpt>
<trkpt lat="46.03879" lon="3.0313"></trkpt>
<trkpt lat="46.03891" lon="3.03137"></trkpt>
<trkpt lat="46.03902" lon="3.03146"></trkpt>
<trkpt lat="46.03913" lon="3.03156"></trkpt>
<trkpt lat="46.0394" lon="3.03185"></trkpt>
<trkpt lat="46.03998" lon="3.03231"></trkpt>
<trkpt lat="46.04009" lon="3.03239"></trkpt>
<trkpt lat="46.04041" lon="3.03268"></trkpt>
<trkpt lat="46.04132" lon="3.03375"></trkpt>
<trkpt lat="46.04148" lon="3.03396"></trkpt>
<trkpt lat="46.04177" lon="3.0344"></trkpt>
<trkpt lat="46.04239" lon="3.0354"></trkpt>
<trkpt lat="46.0427" lon="3.03596"></trkpt>
<trkpt lat="46.043" lon="3.03642"></trkpt>
<trkpt lat="46.04317" lon="3.03664"></trkpt>
<trkpt lat="46.04336" lon="3.03686"></trkpt>
<trkpt lat="46.04376" lon="3.03724"></trkpt>
<trkpt lat="46.04379" lon="3.03727"></trkpt>
<trkpt lat="46.04443" lon="3.03791"></trkpt>
<trkpt lat="46.04517" lon="3.0387"></trkpt>
<trkpt lat="46.04555" lon="3.03915"></trkpt>
<trkpt lat="46.0458" lon="3.03949"></trkpt>
<trkpt lat="46.0469" lon="3.04096"></trkpt>
<trkpt lat="46.04699" lon="3.04108"></trkpt>
<trkpt lat="46.04706" lon="3.0412"></trkpt>
<trkpt lat="46.04712" lon="3.04132"></trkpt>
<trkpt lat="46.04721" lon="3.04156"></trkpt>
<trkpt lat="46.04726" lon="3.04189"></trkpt>
<trkpt lat="46.04726" lon="3.04235"></trkpt>
<trkpt lat="46.04725" lon="3.04264"></trkpt>
<trkpt lat="46.04724" lon="3.04287"></trkpt>
<trkpt lat="46.04717" lon="3.04316"></trkpt>
<trkpt lat="46.04704" lon="3.04352"></trkpt>
<trkpt lat="46.04691" lon="3.04401"></trkpt>
<trkpt lat="46.04663" lon="3.04479"></trkpt>
<trkpt lat="46.04653" lon="3.0451"></trkpt>
<trkpt lat="46.04646" lon="3.04538"></trkpt>
<trkpt lat="46.04638" lon="3.04579"></trkpt>
<trkpt lat="46.04631" lon="3.04616"></trkpt>
<trkpt lat="46.04625" lon="3.04641"></trkpt>
<trkpt lat="46.0462" lon="3.04672"></trkpt>
<trkpt lat="46.04619" lon="3.04689"></trkpt>
<trkpt lat="46.0462" lon="3.04705"></trkpt>
<trkpt lat="46.0464" lon="3.04817"></trkpt>
<trkpt lat="46.04642" lon="3.04829"></trkpt>
<trkpt lat="46.04656" lon="3.04944"></trkpt>
<trkpt lat="46.04659" lon="3.04981"></trkpt>
<trkpt lat="46.04658" lon="3.04997"></trkpt>
<trkpt lat="46.04651" lon="3.05034"></trkpt>
<trkpt lat="46.04634" lon="3.05097"></trkpt>
<trkpt lat="46.04625" lon="3.05129"></trkpt>
<trkpt lat="46.04607" lon="3.05201"></trkpt>
<trkpt lat="46.04596" lon="3.05255"></trkpt>
<trkpt lat="46.04594" lon="3.05285"></trkpt>
<trkpt lat="46.04594" lon="3.05317"></trkpt>
<trkpt lat="46.04596" lon="3.05346"></trkpt>
<trkpt lat="46.04601" lon="3.05378"></trkpt>
<trkpt lat="46.04614" lon="3.05438"></trkpt>
<trkpt lat="46.04651" lon="3.05578"></trkpt>
<trkpt lat="46.04657" lon="3.05605"></trkpt>
<trkpt lat="46.04662" lon="3.05631"></trkpt>
<trkpt lat="46.04671" lon="3.05696"></trkpt>
<trkpt lat="46.04674" lon="3.0571"></trkpt>
<trkpt lat="46.04678" lon="3.0572"></trkpt>
<trkpt lat="46.04683" lon="3.05726"></trkpt>
<trkpt lat="46.04688" lon="3.05729"></trkpt>
<trkpt lat="46.04675" lon="3.05795"></trkpt>
<trkpt lat="46.04669" lon="3.05824"></trkpt>
<trkpt lat="46.04663" lon="3.05852"></trkpt>
<trkpt lat="46.04657" lon="3.05879"></trkpt>
<trkpt lat="46.0464" lon="3.05958"></trkpt>
<trkpt lat="46.04627" lon="3.06016"></trkpt>
<trkpt lat="46.04609" lon="3.06096"></trkpt>
<trkpt lat="46.04581" lon="3.06224"></trkpt>
<trkpt lat="46.04644" lon="3.06253"></trkpt>
<trkpt lat="46.04666" lon="3.06267"></trkpt>
<trkpt lat="46.04677" lon="3.06276"></trkpt>
<trkpt lat="46.04686" lon="3.06287"></trkpt>
<trkpt lat="46.04695" lon="3.063"></trkpt>
<trkpt lat="46.04704" lon="3.06316"></trkpt>
<trkpt lat="46.04709" lon="3.06328"></trkpt>
<trkpt lat="46.04717" lon="3.06357"></trkpt>
<trkpt lat="46.04722" lon="3.06392"></trkpt>
<trkpt lat="46.04732" lon="3.06647"></trkpt>
<trkpt lat="46.04737" lon="3.067"></trkpt>
<trkpt lat="46.04747" lon="3.06752"></trkpt>
<trkpt lat="46.04785" lon="3.06913"></trkpt>
<trkpt lat="46.04801" lon="3.06962"></trkpt>
<trkpt lat="46.04822" lon="3.07017"></trkpt>
<trkpt lat="46.0483" lon="3.07035"></trkpt>
<trkpt lat="46.04839" lon="3.07051"></trkpt>
<trkpt lat="46.0486" lon="3.07079"></trkpt>
<trkpt lat="46.04889" lon="3.07112"></trkpt>
<trkpt lat="46.0491" lon="3.07139"></trkpt>
<trkpt lat="46.0492" lon="3.07154"></trkpt>
<trkpt lat="46.0493" lon="3.07172"></trkpt>
<trkpt lat="46.04946" lon="3.07207"></trkpt>
<trkpt lat="46.04986" lon="3.07306"></trkpt>
<trkpt lat="46.04995" lon="3.07326"></trkpt>
<trkpt lat="46.05015" lon="3.07363"></trkpt>
<trkpt lat="46.05028" lon="3.07383"></trkpt>
<trkpt lat="46.05065" lon="3.0743"></trkpt>
<trkpt lat="46.05087" lon="3.07461"></trkpt>
<trkpt lat="46.05096" lon="3.07476"></trkpt>
<trkpt lat="46.05104" lon="3.07493"></trkpt>
<trkpt lat="46.05128" lon="3.07555"></trkpt>
<trkpt lat="46.05137" lon="3.07583"></trkpt>
<trkpt lat="46.05154" lon="3.07645"></trkpt>
<trkpt lat="46.05162" lon="3.07669"></trkpt>
<trkpt lat="46.05195" lon="3.07745"></trkpt>
<trkpt lat="46.05209" lon="3.07784"></trkpt>
<trkpt lat="46.05221" lon="3.0783"></trkpt>
<trkpt lat="46.0524" lon="3.07911"></trkpt>
<trkpt lat="46.05245" lon="3.07929"></trkpt>
<trkpt lat="46.05259" lon="3.07965"></trkpt>
<trkpt lat="46.05273" lon="3.07992"></trkpt>
<trkpt lat="46.05355" lon="3.08139"></trkpt>
<trkpt lat="46.05378" lon="3.08173"></trkpt>
<trkpt lat="46.0541" lon="3.08215"></trkpt>
<trkpt lat="46.05431" lon="3.08247"></trkpt>
<trkpt lat="46.05451" lon="3.08276"></trkpt>
<trkpt lat="46.05472" lon="3.08307"></trkpt>
<trkpt lat="46.05482" lon="3.08323"></trkpt>
<trkpt lat="46.05496" lon="3.08349"></trkpt>
<trkpt lat="46.05505" lon="3.08342"></trkpt>
<trkpt lat="46.05513" lon="3.0834"></trkpt>
<trkpt lat="46.05519" lon="3.08341"></trkpt>
<trkpt lat="46.05555" lon="3.08354"></trkpt>
<trkpt lat="46.05609" lon="3.08366"></trkpt>
<trkpt lat="46.05651" lon="3.08371"></trkpt>
<trkpt lat="46.05658" lon="3.08374"></trkpt>
<trkpt lat="46.05664" lon="3.08378"></trkpt>
<trkpt lat="46.05677" lon="3.08395"></trkpt>
<trkpt lat="46.05689" lon="3.08411"></trkpt>
<trkpt lat="46.05697" lon="3.08423"></trkpt>
<trkpt lat="46.05717" lon="3.08459"></trkpt>
<trkpt lat="46.05723" lon="3.08469"></trkpt>
<trkpt lat="46.05737" lon="3.08492"></trkpt>
<trkpt lat="46.05744" lon="3.08499"></trkpt>
<trkpt lat="46.05753" lon="3.08506"></trkpt>
<trkpt lat="46.05771" lon="3.08515"></trkpt>
<trkpt lat="46.05793" lon="3.08521"></trkpt>
<trkpt lat="46.05806" lon="3.08523"></trkpt>
<trkpt lat="46.05879" lon="3.08529"></trkpt>
<trkpt lat="46.05904" lon="3.08534"></trkpt>
<trkpt lat="46.05911" lon="3.08537"></trkpt>
<trkpt lat="46.05918" lon="3.08542"></trkpt>
<trkpt lat="46.05957" lon="3.08576"></trkpt>
<trkpt lat="46.06" lon="3.08618"></trkpt>
<trkpt lat="46.06022" lon="3.0864"></trkpt>
<trkpt lat="46.06029" lon="3.08644"></trkpt>
<trkpt lat="46.06037" lon="3.08646"></trkpt>
<trkpt lat="46.06043" lon="3.08645"></trkpt>
<trkpt lat="46.0605" lon="3.08642"></trkpt>
<trkpt lat="46.06057" lon="3.08636"></trkpt>
<trkpt lat="46.06065" lon="3.08627"></trkpt>
<trkpt lat="46.06098" lon="3.08581"></trkpt>
<trkpt lat="46.06108" lon="3.08571"></trkpt>
<trkpt lat="46.06115" lon="3.08566"></trkpt>
<trkpt lat="46.06124" lon="3.08563"></trkpt>
<trkpt lat="46.06131" lon="3.08563"></trkpt>
<trkpt lat="46.06138" lon="3.08565"></trkpt>
<trkpt lat="46.06161" lon="3.08576"></trkpt>
<trkpt lat="46.06166" lon="3.08577"></trkpt>
<trkpt lat="46.06172" lon="3.08576"></trkpt>
<trkpt lat="46.06178" lon="3.08572"></trkpt>
<trkpt lat="46.06183" lon="3.08567"></trkpt>
<trkpt lat="46.06187" lon="3.0856"></trkpt>
<trkpt lat="46.0619" lon="3.08551"></trkpt>
<trkpt lat="46.06194" lon="3.08516"></trkpt>
<trkpt lat="46.06199" lon="3.08497"></trkpt>
<trkpt lat="46.06203" lon="3.08491"></trkpt>
<trkpt lat="46.0621" lon="3.08485"></trkpt>
<trkpt lat="46.06229" lon="3.08473"></trkpt>
<trkpt lat="46.06235" lon="3.08468"></trkpt>
<trkpt lat="46.0624" lon="3.08461"></trkpt>
<trkpt lat="46.06243" lon="3.08452"></trkpt>
<trkpt lat="46.06244" lon="3.08441"></trkpt>
<trkpt lat="46.06243" lon="3.0842"></trkpt>
<trkpt lat="46.06244" lon="3.08409"></trkpt>
<trkpt lat="46.0625" lon="3.08396"></trkpt>
<trkpt lat="46.06259" lon="3.08389"></trkpt>
<trkpt lat="46.06265" lon="3.08387"></trkpt>
<trkpt lat="46.06271" lon="3.08388"></trkpt>
<trkpt lat="46.06277" lon="3.08392"></trkpt>
<trkpt lat="46.06284" lon="3.084"></trkpt>
<trkpt lat="46.06291" lon="3.08411"></trkpt>
<trkpt lat="46.0631" lon="3.08449"></trkpt>
<trkpt lat="46.06327" lon="3.08496"></trkpt>
<trkpt lat="46.06348" lon="3.08564"></trkpt>
<trkpt lat="46.06356" lon="3.08581"></trkpt>
<trkpt lat="46.06365" lon="3.0859"></trkpt>
<trkpt lat="46.0637" lon="3.08592"></trkpt>
<trkpt lat="46.06376" lon="3.08593"></trkpt>
<trkpt lat="46.06382" lon="3.08592"></trkpt>
<trkpt lat="46.06388" lon="3.08589"></trkpt>
<trkpt lat="46.06396" lon="3.08582"></trkpt>
<trkpt lat="46.06442" lon="3.08533"></trkpt>
<trkpt lat="46.06453" lon="3.08524"></trkpt>
<trkpt lat="46.06472" lon="3.08516"></trkpt>
<trkpt lat="46.06492" lon="3.08511"></trkpt>
<trkpt lat="46.06501" lon="3.08502"></trkpt>
<trkpt lat="46.06504" lon="3.08488"></trkpt>
<trkpt lat="46.06503" lon="3.08481"></trkpt>
<trkpt lat="46.065" lon="3.08473"></trkpt>
<trkpt lat="46.06482" lon="3.08445"></trkpt>
<trkpt lat="46.06479" lon="3.08438"></trkpt>
<trkpt lat="46.06478" lon="3.08423"></trkpt>
<trkpt lat="46.0648" lon="3.08414"></trkpt>
<trkpt lat="46.06484" lon="3.08407"></trkpt>
<trkpt lat="46.06489" lon="3.08402"></trkpt>
<trkpt lat="46.06503" lon="3.08396"></trkpt>
<trkpt lat="46.06529" lon="3.0839"></trkpt>
<trkpt lat="46.06576" lon="3.08383"></trkpt>
<trkpt lat="46.06591" lon="3.08374"></trkpt>
<trkpt lat="46.06597" lon="3.08368"></trkpt>
<trkpt lat="46.06609" lon="3.0835"></trkpt>
<trkpt lat="46.06629" lon="3.08312"></trkpt>
<trkpt lat="46.06649" lon="3.08279"></trkpt>
<trkpt lat="46.06671" lon="3.08235"></trkpt>
<trkpt lat="46.06684" lon="3.08218"></trkpt>
<trkpt lat="46.06704" lon="3.08204"></trkpt>
<trkpt lat="46.06746" lon="3.08182"></trkpt>
<trkpt lat="46.06755" lon="3.08176"></trkpt>
<trkpt lat="46.06761" lon="3.08171"></trkpt>
<trkpt lat="46.06779" lon="3.08149"></trkpt>
<trkpt lat="46.06788" lon="3.0814"></trkpt>
<trkpt lat="46.06819" lon="3.08123"></trkpt>
<trkpt lat="46.06829" lon="3.08116"></trkpt>
<trkpt lat="46.06846" lon="3.081"></trkpt>
<trkpt lat="46.06853" lon="3.08091"></trkpt>
<trkpt lat="46.06878" lon="3.08051"></trkpt>
<trkpt lat="46.06884" lon="3.08044"></trkpt>
<trkpt lat="46.06891" lon="3.0804"></trkpt>
<trkpt lat="46.06905" lon="3.08037"></trkpt>
<trkpt lat="46.06976" lon="3.08034"></trkpt>
<trkpt lat="46.06987" lon="3.08032"></trkpt>
<trkpt lat="46.06995" lon="3.08029"></trkpt>
<trkpt lat="46.07003" lon="3.08024"></trkpt>
<trkpt lat="46.07018" lon="3.08007"></trkpt>
<trkpt lat="46.07049" lon="3.07955"></trkpt>
<trkpt lat="46.07091" lon="3.07911"></trkpt>
<trkpt lat="46.07098" lon="3.07907"></trkpt>
<trkpt lat="46.07106" lon="3.07905"></trkpt>
<trkpt lat="46.07129" lon="3.07907"></trkpt>
<trkpt lat="46.07136" lon="3.07905"></trkpt>
<trkpt lat="46.07142" lon="3.07901"></trkpt>
<trkpt lat="46.07149" lon="3.07894"></trkpt>
<trkpt lat="46.07156" lon="3.07884"></trkpt>
<trkpt lat="46.07162" lon="3.07872"></trkpt>
<trkpt lat="46.07168" lon="3.07858"></trkpt>
<trkpt lat="46.07184" lon="3.07811"></trkpt>
<trkpt lat="46.07193" lon="3.07796"></trkpt>
<trkpt lat="46.072" lon="3.0779"></trkpt>
<trkpt lat="46.07216" lon="3.07784"></trkpt>
<trkpt lat="46.07225" lon="3.07782"></trkpt>
<trkpt lat="46.07242" lon="3.07773"></trkpt>
<trkpt lat="46.07255" lon="3.07759"></trkpt>
<trkpt lat="46.0726" lon="3.07751"></trkpt>
<trkpt lat="46.07267" lon="3.07734"></trkpt>
<trkpt lat="46.07268" lon="3.07725"></trkpt>
<trkpt lat="46.07267" lon="3.07702"></trkpt>
<trkpt lat="46.07261" lon="3.07679"></trkpt>
<trkpt lat="46.07226" lon="3.07607"></trkpt>
<trkpt lat="46.07216" lon="3.07584"></trkpt>
<trkpt lat="46.07181" lon="3.07495"></trkpt>
<trkpt lat="46.07178" lon="3.07485"></trkpt>
<trkpt lat="46.07176" lon="3.07474"></trkpt>
<trkpt lat="46.07176" lon="3.07464"></trkpt>
<trkpt lat="46.07179" lon="3.07444"></trkpt>
<trkpt lat="46.07191" lon="3.07421"></trkpt>
<trkpt lat="46.07203" lon="3.07407"></trkpt>
<trkpt lat="46.07216" lon="3.07399"></trkpt>
<trkpt lat="46.07223" lon="3.07397"></trkpt>
<trkpt lat="46.07229" lon="3.07397"></trkpt>
<trkpt lat="46.07235" lon="3.07399"></trkpt>
<trkpt lat="46.07246" lon="3.07407"></trkpt>
<trkpt lat="46.07251" lon="3.07413"></trkpt>
<trkpt lat="46.07281" lon="3.07456"></trkpt>
<trkpt lat="46.07302" lon="3.07483"></trkpt>
<trkpt lat="46.07304" lon="3.07487"></trkpt>
<trkpt lat="46.07305" lon="3.07487"></trkpt>
<trkpt lat="46.0731" lon="3.07495"></trkpt>
<trkpt lat="46.07326" lon="3.07527"></trkpt>
<trkpt lat="46.07344" lon="3.07557"></trkpt>
<trkpt lat="46.07354" lon="3.07569"></trkpt>
<trkpt lat="46.07392" lon="3.07606"></trkpt>
<trkpt lat="46.07403" lon="3.07619"></trkpt>
<trkpt lat="46.07438" lon="3.07671"></trkpt>
<trkpt lat="46.07459" lon="3.07698"></trkpt>
<trkpt lat="46.0747" lon="3.07709"></trkpt>
<trkpt lat="46.07537" lon="3.07765"></trkpt>
<trkpt lat="46.07605" lon="3.07813"></trkpt>
<trkpt lat="46.07618" lon="3.0782"></trkpt>
<trkpt lat="46.07632" lon="3.07825"></trkpt>
<trkpt lat="46.07644" lon="3.07827"></trkpt>
<trkpt lat="46.07656" lon="3.07826"></trkpt>
<trkpt lat="46.07669" lon="3.07824"></trkpt>
<trkpt lat="46.07703" lon="3.07813"></trkpt>
<trkpt lat="46.0775" lon="3.07802"></trkpt>
<trkpt lat="46.07761" lon="3.07798"></trkpt>
<trkpt lat="46.07768" lon="3.07794"></trkpt>
<trkpt lat="46.07784" lon="3.07776"></trkpt>
<trkpt lat="46.07805" lon="3.07741"></trkpt>
<trkpt lat="46.07825" lon="3.07721"></trkpt>
<trkpt lat="46.07846" lon="3.07705"></trkpt>
<trkpt lat="46.07878" lon="3.07672"></trkpt>
<trkpt lat="46.07889" lon="3.07663"></trkpt>
<trkpt lat="46.079" lon="3.07656"></trkpt>
<trkpt lat="46.07915" lon="3.07649"></trkpt>
<trkpt lat="46.07943" lon="3.0764"></trkpt>
<trkpt lat="46.07981" lon="3.07633"></trkpt>
<trkpt lat="46.08014" lon="3.07626"></trkpt>
<trkpt lat="46.08026" lon="3.07625"></trkpt>
<trkpt lat="46.08038" lon="3.07626"></trkpt>
<trkpt lat="46.08048" lon="3.0763"></trkpt>
<trkpt lat="46.08079" lon="3.07648"></trkpt>
<trkpt lat="46.0809" lon="3.07653"></trkpt>
<trkpt lat="46.08103" lon="3.07656"></trkpt>
<trkpt lat="46.08144" lon="3.07655"></trkpt>
<trkpt lat="46.0826" lon="3.07646"></trkpt>
<trkpt lat="46.08271" lon="3.07646"></trkpt>
<trkpt lat="46.08282" lon="3.07648"></trkpt>
<trkpt lat="46.08294" lon="3.07653"></trkpt>
<trkpt lat="46.08299" lon="3.07658"></trkpt>
<trkpt lat="46.0831" lon="3.07669"></trkpt>
<trkpt lat="46.08337" lon="3.07704"></trkpt>
<trkpt lat="46.08346" lon="3.07719"></trkpt>
<trkpt lat="46.08347" lon="3.07728"></trkpt>
<trkpt lat="46.08346" lon="3.07735"></trkpt>
<trkpt lat="46.08332" lon="3.07767"></trkpt>
<trkpt lat="46.08329" lon="3.07782"></trkpt>
<trkpt lat="46.08329" lon="3.07793"></trkpt>
<trkpt lat="46.08331" lon="3.07809"></trkpt>
<trkpt lat="46.08336" lon="3.07824"></trkpt>
<trkpt lat="46.08358" lon="3.07872"></trkpt>
<trkpt lat="46.08378" lon="3.07917"></trkpt>
<trkpt lat="46.08402" lon="3.07982"></trkpt>
<trkpt lat="46.08409" lon="3.07995"></trkpt>
<trkpt lat="46.0843" lon="3.08019"></trkpt>
<trkpt lat="46.0849" lon="3.08081"></trkpt>
<trkpt lat="46.08522" lon="3.08112"></trkpt>
<trkpt lat="46.08616" lon="3.08183"></trkpt>
<trkpt lat="46.08646" lon="3.08202"></trkpt>
<trkpt lat="46.087" lon="3.0823"></trkpt>
<trkpt lat="46.0873" lon="3.0825"></trkpt>
<trkpt lat="46.0876" lon="3.08274"></trkpt>
<trkpt lat="46.08797" lon="3.08307"></trkpt>
<trkpt lat="46.08832" lon="3.08344"></trkpt>
<trkpt lat="46.08862" lon="3.08382"></trkpt>
<trkpt lat="46.08883" lon="3.08408"></trkpt>
<trkpt lat="46.08892" lon="3.08417"></trkpt>
<trkpt lat="46.08901" lon="3.08423"></trkpt>
<trkpt lat="46.08909" lon="3.08426"></trkpt>
<trkpt lat="46.08927" lon="3.08427"></trkpt>
<trkpt lat="46.08955" lon="3.08425"></trkpt>
<trkpt lat="46.08967" lon="3.08426"></trkpt>
<trkpt lat="46.09024" lon="3.08433"></trkpt>
<trkpt lat="46.09063" lon="3.08436"></trkpt>
<trkpt lat="46.09082" lon="3.08436"></trkpt>
<trkpt lat="46.091" lon="3.08434"></trkpt>
<trkpt lat="46.09163" lon="3.08421"></trkpt>
<trkpt lat="46.09212" lon="3.08413"></trkpt>
<trkpt lat="46.0923" lon="3.08409"></trkpt>
<trkpt lat="46.09243" lon="3.08405"></trkpt>
<trkpt lat="46.0927" lon="3.08392"></trkpt>
<trkpt lat="46.09297" lon="3.0837"></trkpt>
<trkpt lat="46.09319" lon="3.08353"></trkpt>
<trkpt lat="46.09331" lon="3.08347"></trkpt>
<trkpt lat="46.09413" lon="3.08322"></trkpt>
<trkpt lat="46.09444" lon="3.08314"></trkpt>
<trkpt lat="46.09453" lon="3.08312"></trkpt>
<trkpt lat="46.0947" lon="3.08311"></trkpt>
<trkpt lat="46.09485" lon="3.08312"></trkpt>
<trkpt lat="46.09515" lon="3.08317"></trkpt>
<trkpt lat="46.09577" lon="3.08331"></trkpt>
<trkpt lat="46.09596" lon="3.08338"></trkpt>
<trkpt lat="46.09617" lon="3.08349"></trkpt>
<trkpt lat="46.09635" lon="3.0836"></trkpt>
<trkpt lat="46.09651" lon="3.08372"></trkpt>
<trkpt lat="46.09682" lon="3.08399"></trkpt>
<trkpt lat="46.09737" lon="3.08452"></trkpt>
<trkpt lat="46.09777" lon="3.08493"></trkpt>
<trkpt lat="46.09795" lon="3.08514"></trkpt>
<trkpt lat="46.09811" lon="3.08535"></trkpt>
<trkpt lat="46.09841" lon="3.08578"></trkpt>
<trkpt lat="46.09925" lon="3.08688"></trkpt>
<trkpt lat="46.09972" lon="3.08747"></trkpt>
<trkpt lat="46.10009" lon="3.08791"></trkpt>
<trkpt lat="46.10047" lon="3.08833"></trkpt>
<trkpt lat="46.10074" lon="3.08866"></trkpt>
<trkpt lat="46.10088" lon="3.08882"></trkpt>
<trkpt lat="46.10098" lon="3.08894"></trkpt>
<trkpt lat="46.10104" lon="3.08904"></trkpt>
<trkpt lat="46.10117" lon="3.08932"></trkpt>
<trkpt lat="46.10127" lon="3.08949"></trkpt>
<trkpt lat="46.10141" lon="3.08966"></trkpt>
<trkpt lat="46.10162" lon="3.08987"></trkpt>
<trkpt lat="46.10168" lon="3.08995"></trkpt>
<trkpt lat="46.10172" lon="3.09003"></trkpt>
<trkpt lat="46.10178" lon="3.09"></trkpt>
<trkpt lat="46.10193" lon="3.08997"></trkpt>
<trkpt lat="46.10202" lon="3.08998"></trkpt>
<trkpt lat="46.10223" lon="3.09003"></trkpt>
<trkpt lat="46.10283" lon="3.09022"></trkpt>
<trkpt lat="46.10322" lon="3.09033"></trkpt>
<trkpt lat="46.1038" lon="3.0905"></trkpt>
<trkpt lat="46.10435" lon="3.09066"></trkpt>
<trkpt lat="46.10435" lon="3.09067"></trkpt>
<trkpt lat="46.10509" lon="3.09089"></trkpt>
<trkpt lat="46.10584" lon="3.09111"></trkpt>
<trkpt lat="46.10832" lon="3.09184"></trkpt>
<trkpt lat="46.10885" lon="3.09201"></trkpt>
<trkpt lat="46.10912" lon="3.09212"></trkpt>
<trkpt lat="46.10926" lon="3.09216"></trkpt>
<trkpt lat="46.10924" lon="3.0924"></trkpt>
<trkpt lat="46.10926" lon="3.0929"></trkpt>
<trkpt lat="46.10926" lon="3.09388"></trkpt>
<trkpt lat="46.10928" lon="3.09533"></trkpt>
<trkpt lat="46.10931" lon="3.09602"></trkpt>
<trkpt lat="46.10931" lon="3.09684"></trkpt>
<trkpt lat="46.10933" lon="3.09795"></trkpt>
<trkpt lat="46.10931" lon="3.09813"></trkpt>
<trkpt lat="46.10928" lon="3.09822"></trkpt>
<trkpt lat="46.10925" lon="3.09828"></trkpt>
<trkpt lat="46.1092" lon="3.09834"></trkpt>
<trkpt lat="46.10928" lon="3.0985"></trkpt>
<trkpt lat="46.10949" lon="3.09903"></trkpt>
<trkpt lat="46.10969" lon="3.09997"></trkpt>
<trkpt lat="46.10985" lon="3.10065"></trkpt>
<trkpt lat="46.11004" lon="3.10176"></trkpt>
<trkpt lat="46.11035" lon="3.10372"></trkpt>
<trkpt lat="46.11035" lon="3.10372"></trkpt>
<trkpt lat="46.11038" lon="3.10389"></trkpt>
<trkpt lat="46.11049" lon="3.1045"></trkpt>
<trkpt lat="46.11057" lon="3.10508"></trkpt>
<trkpt lat="46.11068" lon="3.10566"></trkpt>
<trkpt lat="46.11081" lon="3.10652"></trkpt>
<trkpt lat="46.11092" lon="3.10654"></trkpt>
<trkpt lat="46.11108" lon="3.10652"></trkpt>
<trkpt lat="46.1128" lon="3.10597"></trkpt>
<trkpt lat="46.11356" lon="3.10573"></trkpt>
<trkpt lat="46.11394" lon="3.10553"></trkpt>
<trkpt lat="46.11415" lon="3.10539"></trkpt>
<trkpt lat="46.11472" lon="3.11065"></trkpt>
<trkpt lat="46.11474" lon="3.11093"></trkpt>
<trkpt lat="46.11475" lon="3.11104"></trkpt>
<trkpt lat="46.11479" lon="3.11139"></trkpt>
<trkpt lat="46.11487" lon="3.11195"></trkpt>
<trkpt lat="46.11492" lon="3.11221"></trkpt>
<trkpt lat="46.11508" lon="3.11288"></trkpt>
<trkpt lat="46.11513" lon="3.11322"></trkpt>
<trkpt lat="46.11547" lon="3.11323"></trkpt>
<trkpt lat="46.11557" lon="3.11324"></trkpt>
<trkpt lat="46.11563" lon="3.11326"></trkpt>
<trkpt lat="46.11573" lon="3.11336"></trkpt>
<trkpt lat="46.11578" lon="3.11346"></trkpt>
<trkpt lat="46.11599" lon="3.11399"></trkpt>
<trkpt lat="46.11606" lon="3.11413"></trkpt>
<trkpt lat="46.11614" lon="3.11425"></trkpt>
<trkpt lat="46.11623" lon="3.11435"></trkpt>
<trkpt lat="46.1166" lon="3.11463"></trkpt>
<trkpt lat="46.11675" lon="3.11477"></trkpt>
<trkpt lat="46.11746" lon="3.11559"></trkpt>
<trkpt lat="46.11781" lon="3.11605"></trkpt>
<trkpt lat="46.11888" lon="3.1176"></trkpt>
<trkpt lat="46.11934" lon="3.1183"></trkpt>
<trkpt lat="46.1196" lon="3.11869"></trkpt>
<trkpt lat="46.11967" lon="3.11881"></trkpt>
<trkpt lat="46.11973" lon="3.11896"></trkpt>
<trkpt lat="46.11982" lon="3.11929"></trkpt>
<trkpt lat="46.11991" lon="3.12006"></trkpt>
<trkpt lat="46.11994" lon="3.12023"></trkpt>
<trkpt lat="46.11999" lon="3.12039"></trkpt>
<trkpt lat="46.12018" lon="3.12079"></trkpt>
<trkpt lat="46.12063" lon="3.12165"></trkpt>
<trkpt lat="46.12085" lon="3.12212"></trkpt>
<trkpt lat="46.12091" lon="3.12235"></trkpt>
<trkpt lat="46.12092" lon="3.1225"></trkpt>
<trkpt lat="46.12091" lon="3.12264"></trkpt>
<trkpt lat="46.12077" lon="3.12324"></trkpt>
<trkpt lat="46.12076" lon="3.12337"></trkpt>
<trkpt lat="46.12079" lon="3.12366"></trkpt>
<trkpt lat="46.12082" lon="3.12378"></trkpt>
<trkpt lat="46.12086" lon="3.12388"></trkpt>
<trkpt lat="46.121" lon="3.12409"></trkpt>
<trkpt lat="46.12109" lon="3.12419"></trkpt>
<trkpt lat="46.12132" lon="3.12437"></trkpt>
<trkpt lat="46.12166" lon="3.12467"></trkpt>
<trkpt lat="46.12189" lon="3.12479"></trkpt>
<trkpt lat="46.12199" lon="3.12486"></trkpt>
<trkpt lat="46.12209" lon="3.12497"></trkpt>
<trkpt lat="46.12228" lon="3.12528"></trkpt>
<trkpt lat="46.12265" lon="3.12573"></trkpt>
<trkpt lat="46.12298" lon="3.12626"></trkpt>
<trkpt lat="46.12307" lon="3.12642"></trkpt>
<trkpt lat="46.12315" lon="3.1266"></trkpt>
<trkpt lat="46.12329" lon="3.12699"></trkpt>
<trkpt lat="46.12335" lon="3.12723"></trkpt>
<trkpt lat="46.12334" lon="3.12741"></trkpt>
<trkpt lat="46.12331" lon="3.12749"></trkpt>
<trkpt lat="46.12321" lon="3.12764"></trkpt>
<trkpt lat="46.12316" lon="3.12779"></trkpt>
<trkpt lat="46.12316" lon="3.12787"></trkpt>
<trkpt lat="46.12318" lon="3.12795"></trkpt>
<trkpt lat="46.12322" lon="3.12802"></trkpt>
<trkpt lat="46.12327" lon="3.12807"></trkpt>
<trkpt lat="46.12342" lon="3.12816"></trkpt>
<trkpt lat="46.12353" lon="3.1282"></trkpt>
<trkpt lat="46.12365" lon="3.12822"></trkpt>
<trkpt lat="46.12388" lon="3.1282"></trkpt>
<trkpt lat="46.12397" lon="3.12821"></trkpt>
<trkpt lat="46.12403" lon="3.12824"></trkpt>
<trkpt lat="46.12407" lon="3.12829"></trkpt>
<trkpt lat="46.12414" lon="3.12846"></trkpt>
<trkpt lat="46.12415" lon="3.12869"></trkpt>
<trkpt lat="46.12387" lon="3.13177"></trkpt>
<trkpt lat="46.1238" lon="3.13303"></trkpt>
<trkpt lat="46.12382" lon="3.13318"></trkpt>
<trkpt lat="46.12385" lon="3.13329"></trkpt>
<trkpt lat="46.1239" lon="3.1334"></trkpt>
<trkpt lat="46.12399" lon="3.13354"></trkpt>
<trkpt lat="46.12422" lon="3.13387"></trkpt>
<trkpt lat="46.1243" lon="3.13402"></trkpt>
<trkpt lat="46.12436" lon="3.13418"></trkpt>
<trkpt lat="46.12465" lon="3.13533"></trkpt>
<trkpt lat="46.12473" lon="3.13559"></trkpt>
<trkpt lat="46.12493" lon="3.13613"></trkpt>
<trkpt lat="46.12557" lon="3.13774"></trkpt>
<trkpt lat="46.12594" lon="3.13874"></trkpt>
<trkpt lat="46.126" lon="3.13898"></trkpt>
<trkpt lat="46.126" lon="3.13911"></trkpt>
<trkpt lat="46.12597" lon="3.13937"></trkpt>
<trkpt lat="46.12589" lon="3.13968"></trkpt>
<trkpt lat="46.12585" lon="3.13976"></trkpt>
<trkpt lat="46.12578" lon="3.13986"></trkpt>
<trkpt lat="46.12554" lon="3.14017"></trkpt>
<trkpt lat="46.1255" lon="3.14024"></trkpt>
<trkpt lat="46.12544" lon="3.14043"></trkpt>
<trkpt lat="46.12541" lon="3.14068"></trkpt>
<trkpt lat="46.12541" lon="3.14088"></trkpt>
<trkpt lat="46.12544" lon="3.14122"></trkpt>
<trkpt lat="46.12552" lon="3.14178"></trkpt>
<trkpt lat="46.12557" lon="3.14205"></trkpt>
<trkpt lat="46.12575" lon="3.14276"></trkpt>
<trkpt lat="46.12584" lon="3.14334"></trkpt>
<trkpt lat="46.12591" lon="3.14366"></trkpt>
<trkpt lat="46.12597" lon="3.14385"></trkpt>
<trkpt lat="46.12605" lon="3.14404"></trkpt>
<trkpt lat="46.12665" lon="3.14535"></trkpt>
<trkpt lat="46.12686" lon="3.14587"></trkpt>
<trkpt lat="46.12699" lon="3.14626"></trkpt>
<trkpt lat="46.12704" lon="3.14646"></trkpt>
<trkpt lat="46.12706" lon="3.1466"></trkpt>
<trkpt lat="46.12705" lon="3.14682"></trkpt>
<trkpt lat="46.12698" lon="3.14704"></trkpt>
<trkpt lat="46.12693" lon="3.14715"></trkpt>
<trkpt lat="46.12678" lon="3.14739"></trkpt>
<trkpt lat="46.12655" lon="3.14768"></trkpt>
<trkpt lat="46.12646" lon="3.14784"></trkpt>
<trkpt lat="46.12642" lon="3.14796"></trkpt>
<trkpt lat="46.1264" lon="3.14806"></trkpt>
<trkpt lat="46.12639" lon="3.14839"></trkpt>
<trkpt lat="46.12636" lon="3.14863"></trkpt>
<trkpt lat="46.1263" lon="3.14886"></trkpt>
<trkpt lat="46.1261" lon="3.14949"></trkpt>
<trkpt lat="46.12605" lon="3.14977"></trkpt>
<trkpt lat="46.12604" lon="3.14993"></trkpt>
<trkpt lat="46.12605" lon="3.15012"></trkpt>
<trkpt lat="46.12613" lon="3.15089"></trkpt>
<trkpt lat="46.12613" lon="3.15104"></trkpt>
<trkpt lat="46.1261" lon="3.15128"></trkpt>
<trkpt lat="46.12602" lon="3.15163"></trkpt>
<trkpt lat="46.126" lon="3.15189"></trkpt>
<trkpt lat="46.126" lon="3.15212"></trkpt>
<trkpt lat="46.12604" lon="3.15307"></trkpt>
<trkpt lat="46.12605" lon="3.15319"></trkpt>
<trkpt lat="46.1261" lon="3.15341"></trkpt>
<trkpt lat="46.12634" lon="3.15393"></trkpt>
<trkpt lat="46.12641" lon="3.1541"></trkpt>
<trkpt lat="46.12646" lon="3.15426"></trkpt>
<trkpt lat="46.12653" lon="3.15457"></trkpt>
<trkpt lat="46.12672" lon="3.15574"></trkpt>
<trkpt lat="46.12683" lon="3.15617"></trkpt>
<trkpt lat="46.12608" lon="3.15645"></trkpt>
<trkpt lat="46.12585" lon="3.15654"></trkpt>
<trkpt lat="46.12428" lon="3.15716"></trkpt>
<trkpt lat="46.12407" lon="3.15725"></trkpt>
<trkpt lat="46.12394" lon="3.15732"></trkpt>
<trkpt lat="46.12375" lon="3.15747"></trkpt>
<trkpt lat="46.12356" lon="3.15772"></trkpt>
<trkpt lat="46.12322" lon="3.15835"></trkpt>
<trkpt lat="46.12302" lon="3.15869"></trkpt>
<trkpt lat="46.12273" lon="3.15908"></trkpt>
<trkpt lat="46.12251" lon="3.15935"></trkpt>
<trkpt lat="46.1221" lon="3.1598"></trkpt>
<trkpt lat="46.12099" lon="3.16094"></trkpt>
<trkpt lat="46.12091" lon="3.16197"></trkpt>
<trkpt lat="46.12085" lon="3.16241"></trkpt>
<trkpt lat="46.12077" lon="3.16285"></trkpt>
<trkpt lat="46.12062" lon="3.16343"></trkpt>
<trkpt lat="46.12001" lon="3.16561"></trkpt>
<trkpt lat="46.1198" lon="3.16651"></trkpt>
<trkpt lat="46.11975" lon="3.16679"></trkpt>
<trkpt lat="46.11971" lon="3.16721"></trkpt>
<trkpt lat="46.11953" lon="3.16995"></trkpt>
<trkpt lat="46.11951" lon="3.17046"></trkpt>
<trkpt lat="46.11951" lon="3.17083"></trkpt>
<trkpt lat="46.11955" lon="3.17192"></trkpt>
<trkpt lat="46.11966" lon="3.17397"></trkpt>
<trkpt lat="46.11969" lon="3.17488"></trkpt>
<trkpt lat="46.11966" lon="3.1804"></trkpt>
<trkpt lat="46.1197" lon="3.18161"></trkpt>
<trkpt lat="46.11983" lon="3.18378"></trkpt>
<trkpt lat="46.11984" lon="3.18409"></trkpt>
<trkpt lat="46.11983" lon="3.18459"></trkpt>
<trkpt lat="46.11974" lon="3.18691"></trkpt>
<trkpt lat="46.1197" lon="3.18753"></trkpt>
<trkpt lat="46.11968" lon="3.18768"></trkpt>
<trkpt lat="46.11961" lon="3.18798"></trkpt>
<trkpt lat="46.11962" lon="3.18814"></trkpt>
<trkpt lat="46.11966" lon="3.1883"></trkpt>
<trkpt lat="46.11974" lon="3.18844"></trkpt>
<trkpt lat="46.11989" lon="3.18859"></trkpt>
<trkpt lat="46.12063" lon="3.18901"></trkpt>
<trkpt lat="46.12081" lon="3.18914"></trkpt>
<trkpt lat="46.12116" lon="3.1894"></trkpt>
<trkpt lat="46.12137" lon="3.18951"></trkpt>
<trkpt lat="46.12146" lon="3.18954"></trkpt>
<trkpt lat="46.12162" lon="3.18957"></trkpt>
<trkpt lat="46.12173" lon="3.18958"></trkpt>
<trkpt lat="46.12183" lon="3.18957"></trkpt>
<trkpt lat="46.12205" lon="3.1895"></trkpt>
<trkpt lat="46.12273" lon="3.18922"></trkpt>
<trkpt lat="46.12289" lon="3.18918"></trkpt>
<trkpt lat="46.12303" lon="3.18916"></trkpt>
<trkpt lat="46.12334" lon="3.18917"></trkpt>
<trkpt lat="46.12349" lon="3.1892"></trkpt>
<trkpt lat="46.12363" lon="3.18924"></trkpt>
<trkpt lat="46.12408" lon="3.18941"></trkpt>
<trkpt lat="46.12422" lon="3.18923"></trkpt>
<trkpt lat="46.12528" lon="3.18994"></trkpt>
<trkpt lat="46.12546" lon="3.19007"></trkpt>
<trkpt lat="46.12559" lon="3.19016"></trkpt>
<trkpt lat="46.12568" lon="3.19023"></trkpt>
<trkpt lat="46.12582" lon="3.19033"></trkpt>
<trkpt lat="46.12597" lon="3.1904"></trkpt>
<trkpt lat="46.12613" lon="3.19043"></trkpt>
<trkpt lat="46.12631" lon="3.1904"></trkpt>
<trkpt lat="46.12643" lon="3.19036"></trkpt>
<trkpt lat="46.1269" lon="3.1901"></trkpt>
<trkpt lat="46.12701" lon="3.19005"></trkpt>
<trkpt lat="46.12718" lon="3.19002"></trkpt>
<trkpt lat="46.12733" lon="3.19003"></trkpt>
<trkpt lat="46.12743" lon="3.19006"></trkpt>
<trkpt lat="46.12762" lon="3.19015"></trkpt>
<trkpt lat="46.12801" lon="3.19037"></trkpt>
<trkpt lat="46.12814" lon="3.19045"></trkpt>
<trkpt lat="46.1286" lon="3.19079"></trkpt>
<trkpt lat="46.12874" lon="3.19088"></trkpt>
<trkpt lat="46.12885" lon="3.19094"></trkpt>
<trkpt lat="46.12913" lon="3.19105"></trkpt>
<trkpt lat="46.12936" lon="3.19116"></trkpt>
<trkpt lat="46.12957" lon="3.19128"></trkpt>
<trkpt lat="46.12974" lon="3.19136"></trkpt>
<trkpt lat="46.1298" lon="3.19137"></trkpt>
<trkpt lat="46.12986" lon="3.19136"></trkpt>
<trkpt lat="46.12993" lon="3.19133"></trkpt>
<trkpt lat="46.13002" lon="3.19127"></trkpt>
<trkpt lat="46.13017" lon="3.19114"></trkpt>
<trkpt lat="46.13027" lon="3.19102"></trkpt>
<trkpt lat="46.13033" lon="3.1909"></trkpt>
<trkpt lat="46.13034" lon="3.19086"></trkpt>
<trkpt lat="46.13036" lon="3.19069"></trkpt>
<trkpt lat="46.13037" lon="3.1904"></trkpt>
<trkpt lat="46.13042" lon="3.19037"></trkpt>
<trkpt lat="46.13059" lon="3.19035"></trkpt>
<trkpt lat="46.131" lon="3.19026"></trkpt>
<trkpt lat="46.13124" lon="3.19023"></trkpt>
<trkpt lat="46.13147" lon="3.19023"></trkpt>
<trkpt lat="46.13174" lon="3.19025"></trkpt>
<trkpt lat="46.1327" lon="3.19032"></trkpt>
<trkpt lat="46.13283" lon="3.19034"></trkpt>
<trkpt lat="46.1331" lon="3.19041"></trkpt>
<trkpt lat="46.13355" lon="3.19053"></trkpt>
<trkpt lat="46.1338" lon="3.19057"></trkpt>
<trkpt lat="46.1342" lon="3.19056"></trkpt>
<trkpt lat="46.13436" lon="3.19054"></trkpt>
<trkpt lat="46.13466" lon="3.19046"></trkpt>
<trkpt lat="46.13482" lon="3.19039"></trkpt>
<trkpt lat="46.13496" lon="3.19031"></trkpt>
<trkpt lat="46.13517" lon="3.19016"></trkpt>
<trkpt lat="46.13528" lon="3.19007"></trkpt>
<trkpt lat="46.13581" lon="3.18953"></trkpt>
<trkpt lat="46.13591" lon="3.18944"></trkpt>
<trkpt lat="46.1361" lon="3.1893"></trkpt>
<trkpt lat="46.13701" lon="3.18879"></trkpt>
<trkpt lat="46.13716" lon="3.18872"></trkpt>
<trkpt lat="46.13731" lon="3.18866"></trkpt>
<trkpt lat="46.13749" lon="3.18861"></trkpt>
<trkpt lat="46.13766" lon="3.18858"></trkpt>
<trkpt lat="46.13805" lon="3.18855"></trkpt>
<trkpt lat="46.13818" lon="3.18856"></trkpt>
<trkpt lat="46.13831" lon="3.18859"></trkpt>
<trkpt lat="46.13874" lon="3.18876"></trkpt>
<trkpt lat="46.13939" lon="3.18904"></trkpt>
<trkpt lat="46.14059" lon="3.18958"></trkpt>
<trkpt lat="46.14098" lon="3.18973"></trkpt>
<trkpt lat="46.14124" lon="3.18979"></trkpt>
<trkpt lat="46.14141" lon="3.18981"></trkpt>
<trkpt lat="46.14353" lon="3.18983"></trkpt>
<trkpt lat="46.14438" lon="3.18988"></trkpt>
<trkpt lat="46.14511" lon="3.1899"></trkpt>
<trkpt lat="46.14523" lon="3.18992"></trkpt>
<trkpt lat="46.14537" lon="3.18996"></trkpt>
<trkpt lat="46.14618" lon="3.19022"></trkpt>
<trkpt lat="46.14631" lon="3.19025"></trkpt>
<trkpt lat="46.14651" lon="3.19027"></trkpt>
<trkpt lat="46.14673" lon="3.19026"></trkpt>
<trkpt lat="46.14695" lon="3.19023"></trkpt>
<trkpt lat="46.14721" lon="3.19018"></trkpt>
<trkpt lat="46.14794" lon="3.19"></trkpt>
<trkpt lat="46.14802" lon="3.18999"></trkpt>
<trkpt lat="46.14802" lon="3.18999"></trkpt>
<trkpt lat="46.14825" lon="3.18995"></trkpt>
<trkpt lat="46.14845" lon="3.18994"></trkpt>
<trkpt lat="46.14905" lon="3.18996"></trkpt>
<trkpt lat="46.1496" lon="3.19001"></trkpt>
<trkpt lat="46.1498" lon="3.19004"></trkpt>
<trkpt lat="46.15068" lon="3.19025"></trkpt>
<trkpt lat="46.15086" lon="3.19028"></trkpt>
<trkpt lat="46.15105" lon="3.1903"></trkpt>
<trkpt lat="46.15159" lon="3.19032"></trkpt>
<trkpt lat="46.1517" lon="3.19033"></trkpt>
<trkpt lat="46.15186" lon="3.19037"></trkpt>
<trkpt lat="46.15227" lon="3.19052"></trkpt>
<trkpt lat="46.15249" lon="3.19063"></trkpt>
<trkpt lat="46.15261" lon="3.19071"></trkpt>
<trkpt lat="46.15301" lon="3.19103"></trkpt>
<trkpt lat="46.1531" lon="3.19112"></trkpt>
<trkpt lat="46.15328" lon="3.19135"></trkpt>
<trkpt lat="46.1535" lon="3.19169"></trkpt>
<trkpt lat="46.1538" lon="3.19215"></trkpt>
<trkpt lat="46.15389" lon="3.19227"></trkpt>
<trkpt lat="46.15404" lon="3.19244"></trkpt>
<trkpt lat="46.15433" lon="3.19268"></trkpt>
<trkpt lat="46.15482" lon="3.19316"></trkpt>
<trkpt lat="46.15506" lon="3.19336"></trkpt>
<trkpt lat="46.15519" lon="3.19344"></trkpt>
<trkpt lat="46.15585" lon="3.19371"></trkpt>
<trkpt lat="46.15597" lon="3.19378"></trkpt>
<trkpt lat="46.15618" lon="3.19396"></trkpt>
<trkpt lat="46.15639" lon="3.19413"></trkpt>
<trkpt lat="46.15656" lon="3.19422"></trkpt>
<trkpt lat="46.15664" lon="3.19425"></trkpt>
<trkpt lat="46.15692" lon="3.19432"></trkpt>
<trkpt lat="46.15721" lon="3.19445"></trkpt>
<trkpt lat="46.15744" lon="3.19461"></trkpt>
<trkpt lat="46.1576" lon="3.19475"></trkpt>
<trkpt lat="46.15803" lon="3.19516"></trkpt>
<trkpt lat="46.15821" lon="3.1953"></trkpt>
<trkpt lat="46.1583" lon="3.19535"></trkpt>
<trkpt lat="46.15848" lon="3.19541"></trkpt>
<trkpt lat="46.15855" lon="3.19542"></trkpt>
<trkpt lat="46.15867" lon="3.19539"></trkpt>
<trkpt lat="46.15886" lon="3.1952"></trkpt>
<trkpt lat="46.15893" lon="3.19515"></trkpt>
<trkpt lat="46.15899" lon="3.19513"></trkpt>
<trkpt lat="46.15906" lon="3.19514"></trkpt>
<trkpt lat="46.15909" lon="3.19516"></trkpt>
<trkpt lat="46.15917" lon="3.19526"></trkpt>
<trkpt lat="46.15936" lon="3.19561"></trkpt>
<trkpt lat="46.15948" lon="3.19585"></trkpt>
<trkpt lat="46.15968" lon="3.19632"></trkpt>
<trkpt lat="46.1598" lon="3.19657"></trkpt>
<trkpt lat="46.15992" lon="3.19674"></trkpt>
<trkpt lat="46.16" lon="3.19682"></trkpt>
<trkpt lat="46.15988" lon="3.19739"></trkpt>
<trkpt lat="46.15985" lon="3.19738"></trkpt>
<trkpt lat="46.15982" lon="3.19739"></trkpt>
<trkpt lat="46.1598" lon="3.19742"></trkpt>
<trkpt lat="46.15979" lon="3.19747"></trkpt>
<trkpt lat="46.1598" lon="3.19752"></trkpt>
<trkpt lat="46.15982" lon="3.19755"></trkpt>
<trkpt lat="46.15985" lon="3.19756"></trkpt>
<trkpt lat="46.15988" lon="3.19755"></trkpt>
<trkpt lat="46.1599" lon="3.19752"></trkpt>
<trkpt lat="46.16002" lon="3.19763"></trkpt>
<trkpt lat="46.16009" lon="3.19768"></trkpt>
<trkpt lat="46.16017" lon="3.19778"></trkpt>
<trkpt lat="46.16032" lon="3.19802"></trkpt>
<trkpt lat="46.16049" lon="3.19825"></trkpt>
<trkpt lat="46.1609" lon="3.19911"></trkpt>
<trkpt lat="46.16105" lon="3.19952"></trkpt>
<trkpt lat="46.16109" lon="3.19968"></trkpt>
<trkpt lat="46.16106" lon="3.19976"></trkpt>
<trkpt lat="46.16119" lon="3.19989"></trkpt>
<trkpt lat="46.16181" lon="3.20103"></trkpt>
<trkpt lat="46.16192" lon="3.20129"></trkpt>
<trkpt lat="46.16202" lon="3.20161"></trkpt>
<trkpt lat="46.1621" lon="3.20195"></trkpt>
<trkpt lat="46.16225" lon="3.20288"></trkpt>
<trkpt lat="46.16234" lon="3.20335"></trkpt>
<trkpt lat="46.16245" lon="3.2038"></trkpt>
<trkpt lat="46.16289" lon="3.20538"></trkpt>
<trkpt lat="46.1632" lon="3.20679"></trkpt>
<trkpt lat="46.16329" lon="3.20706"></trkpt>
<trkpt lat="46.16343" lon="3.20731"></trkpt>
<trkpt lat="46.16351" lon="3.20748"></trkpt>
<trkpt lat="46.16361" lon="3.20781"></trkpt>
<trkpt lat="46.1637" lon="3.20838"></trkpt>
<trkpt lat="46.16382" lon="3.20969"></trkpt>
<trkpt lat="46.16392" lon="3.21029"></trkpt>
<trkpt lat="46.16404" lon="3.2109"></trkpt>
<trkpt lat="46.16419" lon="3.21156"></trkpt>
<trkpt lat="46.16433" lon="3.212"></trkpt>
<trkpt lat="46.16441" lon="3.2122"></trkpt>
<trkpt lat="46.16475" lon="3.21293"></trkpt>
<trkpt lat="46.16497" lon="3.21347"></trkpt>
<trkpt lat="46.16523" lon="3.21443"></trkpt>
<trkpt lat="46.16524" lon="3.21448"></trkpt>
<trkpt lat="46.16534" lon="3.21513"></trkpt>
<trkpt lat="46.16558" lon="3.21667"></trkpt>
<trkpt lat="46.1657" lon="3.21753"></trkpt>
<trkpt lat="46.16582" lon="3.21823"></trkpt>
<trkpt lat="46.16604" lon="3.21895"></trkpt>
<trkpt lat="46.16625" lon="3.21956"></trkpt>
<trkpt lat="46.16636" lon="3.21975"></trkpt>
<trkpt lat="46.16641" lon="3.2198"></trkpt>
<trkpt lat="46.16676" lon="3.22004"></trkpt>
<trkpt lat="46.16682" lon="3.2201"></trkpt>
<trkpt lat="46.16689" lon="3.2202"></trkpt>
<trkpt lat="46.16702" lon="3.22048"></trkpt>
<trkpt lat="46.16756" lon="3.22179"></trkpt>
<trkpt lat="46.16796" lon="3.22256"></trkpt>
<trkpt lat="46.16825" lon="3.22308"></trkpt>
<trkpt lat="46.16836" lon="3.22324"></trkpt>
<trkpt lat="46.1685" lon="3.22341"></trkpt>
<trkpt lat="46.16864" lon="3.22355"></trkpt>
<trkpt lat="46.16864" lon="3.22355"></trkpt>
<trkpt lat="46.16938" lon="3.22425"></trkpt>
<trkpt lat="46.16968" lon="3.22454"></trkpt>
<trkpt lat="46.17001" lon="3.22483"></trkpt>
<trkpt lat="46.17007" lon="3.22489"></trkpt>
<trkpt lat="46.1701" lon="3.22494"></trkpt>
<trkpt lat="46.17018" lon="3.22506"></trkpt>
<trkpt lat="46.17026" lon="3.22522"></trkpt>
<trkpt lat="46.17033" lon="3.22545"></trkpt>
<trkpt lat="46.17038" lon="3.22568"></trkpt>
<trkpt lat="46.1704" lon="3.22572"></trkpt>
<trkpt lat="46.17051" lon="3.22612"></trkpt>
<trkpt lat="46.17073" lon="3.22669"></trkpt>
<trkpt lat="46.1708" lon="3.22681"></trkpt>
<trkpt lat="46.1711" lon="3.22723"></trkpt>
<trkpt lat="46.17131" lon="3.22756"></trkpt>
<trkpt lat="46.17149" lon="3.22791"></trkpt>
<trkpt lat="46.17157" lon="3.22815"></trkpt>
<trkpt lat="46.17166" lon="3.22858"></trkpt>
<trkpt lat="46.17171" lon="3.22874"></trkpt>
<trkpt lat="46.17184" lon="3.22905"></trkpt>
<trkpt lat="46.1719" lon="3.22917"></trkpt>
<trkpt lat="46.17199" lon="3.2293"></trkpt>
<trkpt lat="46.17209" lon="3.22942"></trkpt>
<trkpt lat="46.17225" lon="3.22958"></trkpt>
<trkpt lat="46.17246" lon="3.22983"></trkpt>
<trkpt lat="46.17253" lon="3.22994"></trkpt>
<trkpt lat="46.17257" lon="3.23007"></trkpt>
<trkpt lat="46.17268" lon="3.2301"></trkpt>
<trkpt lat="46.17273" lon="3.23013"></trkpt>
<trkpt lat="46.17279" lon="3.23019"></trkpt>
<trkpt lat="46.17284" lon="3.23026"></trkpt>
<trkpt lat="46.1729" lon="3.23038"></trkpt>
<trkpt lat="46.173" lon="3.23064"></trkpt>
<trkpt lat="46.1731" lon="3.23098"></trkpt>
<trkpt lat="46.17329" lon="3.2319"></trkpt>
<trkpt lat="46.17337" lon="3.23217"></trkpt>
<trkpt lat="46.17346" lon="3.23235"></trkpt>
<trkpt lat="46.17389" lon="3.23287"></trkpt>
<trkpt lat="46.17398" lon="3.23297"></trkpt>
<trkpt lat="46.17404" lon="3.23302"></trkpt>
<trkpt lat="46.17409" lon="3.23304"></trkpt>
<trkpt lat="46.17415" lon="3.23302"></trkpt>
<trkpt lat="46.17427" lon="3.23335"></trkpt>
<trkpt lat="46.17451" lon="3.23383"></trkpt>
<trkpt lat="46.17462" lon="3.23418"></trkpt>
<trkpt lat="46.17476" lon="3.23447"></trkpt>
<trkpt lat="46.17486" lon="3.23461"></trkpt>
<trkpt lat="46.17617" lon="3.23578"></trkpt>
<trkpt lat="46.17653" lon="3.23608"></trkpt>
<trkpt lat="46.17662" lon="3.23619"></trkpt>
<trkpt lat="46.17674" lon="3.2364"></trkpt>
<trkpt lat="46.17698" lon="3.237"></trkpt>
<trkpt lat="46.17707" lon="3.23729"></trkpt>
<trkpt lat="46.17709" lon="3.23728"></trkpt>
<trkpt lat="46.17742" lon="3.23825"></trkpt>
<trkpt lat="46.17786" lon="3.23908"></trkpt>
<trkpt lat="46.17813" lon="3.23966"></trkpt>
<trkpt lat="46.17835" lon="3.24"></trkpt>
<trkpt lat="46.17837" lon="3.24003"></trkpt>
<trkpt lat="46.17837" lon="3.24003"></trkpt>
<trkpt lat="46.17867" lon="3.24044"></trkpt>
<trkpt lat="46.17917" lon="3.24114"></trkpt>
<trkpt lat="46.17935" lon="3.24149"></trkpt>
<trkpt lat="46.17947" lon="3.24169"></trkpt>
<trkpt lat="46.17968" lon="3.24212"></trkpt>
<trkpt lat="46.18026" lon="3.24359"></trkpt>
<trkpt lat="46.18079" lon="3.24487"></trkpt>
<trkpt lat="46.18095" lon="3.24532"></trkpt>
<trkpt lat="46.18117" lon="3.246"></trkpt>
<trkpt lat="46.18134" lon="3.24642"></trkpt>
<trkpt lat="46.18153" lon="3.2468"></trkpt>
<trkpt lat="46.18177" lon="3.24735"></trkpt>
<trkpt lat="46.18205" lon="3.24813"></trkpt>
<trkpt lat="46.18211" lon="3.24825"></trkpt>
<trkpt lat="46.18226" lon="3.24844"></trkpt>
<trkpt lat="46.18241" lon="3.2486"></trkpt>
<trkpt lat="46.18241" lon="3.2486"></trkpt>
<trkpt lat="46.18241" lon="3.2486"></trkpt>
<trkpt lat="46.18259" lon="3.24881"></trkpt>
<trkpt lat="46.18266" lon="3.24895"></trkpt>
<trkpt lat="46.18276" lon="3.2491"></trkpt>
<trkpt lat="46.18283" lon="3.24916"></trkpt>
<trkpt lat="46.18291" lon="3.24917"></trkpt>
<trkpt lat="46.18298" lon="3.24916"></trkpt>
<trkpt lat="46.18306" lon="3.24913"></trkpt>
<trkpt lat="46.18314" lon="3.24908"></trkpt>
<trkpt lat="46.18322" lon="3.249"></trkpt>
<trkpt lat="46.18331" lon="3.24887"></trkpt>
<trkpt lat="46.18359" lon="3.24833"></trkpt>
<trkpt lat="46.18367" lon="3.24822"></trkpt>
<trkpt lat="46.18377" lon="3.24813"></trkpt>
<trkpt lat="46.1839" lon="3.24806"></trkpt>
<trkpt lat="46.18413" lon="3.24799"></trkpt>
<trkpt lat="46.1844" lon="3.24795"></trkpt>
<trkpt lat="46.18478" lon="3.24792"></trkpt>
<trkpt lat="46.1849" lon="3.24788"></trkpt>
<trkpt lat="46.18528" lon="3.24762"></trkpt>
<trkpt lat="46.18545" lon="3.24755"></trkpt>
<trkpt lat="46.18549" lon="3.2476"></trkpt>
<trkpt lat="46.18621" lon="3.24806"></trkpt>
<trkpt lat="46.1867" lon="3.24842"></trkpt>
<trkpt lat="46.18699" lon="3.24861"></trkpt>
<trkpt lat="46.18718" lon="3.24869"></trkpt>
<trkpt lat="46.18722" lon="3.24872"></trkpt>
<trkpt lat="46.18729" lon="3.24884"></trkpt>
<trkpt lat="46.18734" lon="3.24898"></trkpt>
<trkpt lat="46.18747" lon="3.24946"></trkpt>
<trkpt lat="46.18747" lon="3.24946"></trkpt>
<trkpt lat="46.18747" lon="3.24946"></trkpt>
<trkpt lat="46.18751" lon="3.24953"></trkpt>
<trkpt lat="46.18764" lon="3.24968"></trkpt>
<trkpt lat="46.1879" lon="3.2499"></trkpt>
<trkpt lat="46.18812" lon="3.25015"></trkpt>
<trkpt lat="46.18821" lon="3.25029"></trkpt>
<trkpt lat="46.18832" lon="3.25064"></trkpt>
<trkpt lat="46.18866" lon="3.25237"></trkpt>
<trkpt lat="46.18869" lon="3.25248"></trkpt>
<trkpt lat="46.18872" lon="3.25254"></trkpt>
<trkpt lat="46.18889" lon="3.2527"></trkpt>
<trkpt lat="46.18955" lon="3.2532"></trkpt>
<trkpt lat="46.18968" lon="3.25332"></trkpt>
<trkpt lat="46.18989" lon="3.25344"></trkpt>
<trkpt lat="46.18985" lon="3.25363"></trkpt>
<trkpt lat="46.18982" lon="3.25377"></trkpt>
<trkpt lat="46.18979" lon="3.25384"></trkpt>
<trkpt lat="46.18983" lon="3.25392"></trkpt>
<trkpt lat="46.18987" lon="3.25395"></trkpt>
<trkpt lat="46.18994" lon="3.25398"></trkpt>
<trkpt lat="46.18994" lon="3.25398"></trkpt>
<trkpt lat="46.19082" lon="3.25437"></trkpt>
<trkpt lat="46.19114" lon="3.25455"></trkpt>
<trkpt lat="46.19136" lon="3.25483"></trkpt>
<trkpt lat="46.1916" lon="3.25538"></trkpt>
<trkpt lat="46.19188" lon="3.2558"></trkpt>
<trkpt lat="46.19224" lon="3.25619"></trkpt>
<trkpt lat="46.19255" lon="3.25644"></trkpt>
<trkpt lat="46.19269" lon="3.25657"></trkpt>
<trkpt lat="46.1935" lon="3.25718"></trkpt>
<trkpt lat="46.19361" lon="3.2573"></trkpt>
<trkpt lat="46.19361" lon="3.2573"></trkpt>
<trkpt lat="46.19369" lon="3.25739"></trkpt>
<trkpt lat="46.19401" lon="3.25781"></trkpt>
<trkpt lat="46.19427" lon="3.25828"></trkpt>
<trkpt lat="46.19465" lon="3.25905"></trkpt>
<trkpt lat="46.19464" lon="3.25911"></trkpt>
<trkpt lat="46.19477" lon="3.25917"></trkpt>
<trkpt lat="46.19519" lon="3.25979"></trkpt>
<trkpt lat="46.19561" lon="3.26046"></trkpt>
<trkpt lat="46.19567" lon="3.26057"></trkpt>
<trkpt lat="46.19568" lon="3.26068"></trkpt>
<trkpt lat="46.19567" lon="3.26073"></trkpt>
<trkpt lat="46.19563" lon="3.2608"></trkpt>
<trkpt lat="46.19511" lon="3.26173"></trkpt>
<trkpt lat="46.19506" lon="3.26188"></trkpt>
<trkpt lat="46.19505" lon="3.26195"></trkpt>
<trkpt lat="46.19506" lon="3.26203"></trkpt>
<trkpt lat="46.19511" lon="3.26214"></trkpt>
<trkpt lat="46.19651" lon="3.2639"></trkpt>
<trkpt lat="46.19651" lon="3.2639"></trkpt>
<trkpt lat="46.19744" lon="3.26507"></trkpt>
<trkpt lat="46.19796" lon="3.26574"></trkpt>
<trkpt lat="46.19832" lon="3.26532"></trkpt>
<trkpt lat="46.19858" lon="3.26517"></trkpt>
<trkpt lat="46.19875" lon="3.26501"></trkpt>
<trkpt lat="46.19899" lon="3.26467"></trkpt>
<trkpt lat="46.19912" lon="3.2645"></trkpt>
<trkpt lat="46.19924" lon="3.26443"></trkpt>
<trkpt lat="46.19933" lon="3.26441"></trkpt>
<trkpt lat="46.19942" lon="3.26443"></trkpt>
<trkpt lat="46.19953" lon="3.26448"></trkpt>
<trkpt lat="46.19975" lon="3.26472"></trkpt>
<trkpt lat="46.19993" lon="3.26481"></trkpt>
<trkpt lat="46.20002" lon="3.26484"></trkpt>
<trkpt lat="46.20056" lon="3.26488"></trkpt>
<trkpt lat="46.20079" lon="3.26487"></trkpt>
<trkpt lat="46.2009" lon="3.26484"></trkpt>
<trkpt lat="46.20101" lon="3.26478"></trkpt>
<trkpt lat="46.20143" lon="3.26444"></trkpt>
<trkpt lat="46.20151" lon="3.26439"></trkpt>
<trkpt lat="46.20157" lon="3.26438"></trkpt>
<trkpt lat="46.20167" lon="3.26441"></trkpt>
<trkpt lat="46.20184" lon="3.26456"></trkpt>
<trkpt lat="46.20184" lon="3.26456"></trkpt>
<trkpt lat="46.20184" lon="3.26456"></trkpt>
<trkpt lat="46.20196" lon="3.26473"></trkpt>
<trkpt lat="46.20233" lon="3.26534"></trkpt>
<trkpt lat="46.20261" lon="3.26572"></trkpt>
<trkpt lat="46.20274" lon="3.26597"></trkpt>
<trkpt lat="46.20284" lon="3.26622"></trkpt>
<trkpt lat="46.20301" lon="3.26671"></trkpt>
<trkpt lat="46.20324" lon="3.26723"></trkpt>
<trkpt lat="46.20338" lon="3.26754"></trkpt>
<trkpt lat="46.20349" lon="3.26773"></trkpt>
<trkpt lat="46.20396" lon="3.26827"></trkpt>
<trkpt lat="46.20448" lon="3.26891"></trkpt>
<trkpt lat="46.20464" lon="3.26874"></trkpt>
<trkpt lat="46.20501" lon="3.26828"></trkpt>
<trkpt lat="46.20518" lon="3.26811"></trkpt>
<trkpt lat="46.20529" lon="3.26804"></trkpt>
<trkpt lat="46.20546" lon="3.26799"></trkpt>
<trkpt lat="46.20592" lon="3.26795"></trkpt>
<trkpt lat="46.20614" lon="3.26785"></trkpt>
<trkpt lat="46.20631" lon="3.26779"></trkpt>
<trkpt lat="46.20659" lon="3.26776"></trkpt>
<trkpt lat="46.20688" lon="3.26778"></trkpt>
<trkpt lat="46.20702" lon="3.26781"></trkpt>
<trkpt lat="46.20711" lon="3.26784"></trkpt>
<trkpt lat="46.20758" lon="3.26809"></trkpt>
<trkpt lat="46.20774" lon="3.26823"></trkpt>
<trkpt lat="46.20818" lon="3.2687"></trkpt>
<trkpt lat="46.20876" lon="3.26932"></trkpt>
<trkpt lat="46.20921" lon="3.26983"></trkpt>
<trkpt lat="46.21006" lon="3.27074"></trkpt>
<trkpt lat="46.21077" lon="3.27157"></trkpt>
<trkpt lat="46.21084" lon="3.27167"></trkpt>
<trkpt lat="46.21089" lon="3.27178"></trkpt>
<trkpt lat="46.21093" lon="3.272"></trkpt>
<trkpt lat="46.211" lon="3.27186"></trkpt>
<trkpt lat="46.21105" lon="3.27177"></trkpt>
<trkpt lat="46.21117" lon="3.27148"></trkpt>
<trkpt lat="46.21123" lon="3.27129"></trkpt>
<trkpt lat="46.21155" lon="3.2697"></trkpt>
<trkpt lat="46.21169" lon="3.26899"></trkpt>
<trkpt lat="46.21182" lon="3.26834"></trkpt>
<trkpt lat="46.21187" lon="3.26806"></trkpt>
<trkpt lat="46.21192" lon="3.26783"></trkpt>
<trkpt lat="46.21226" lon="3.26607"></trkpt>
<trkpt lat="46.21235" lon="3.26561"></trkpt>
<trkpt lat="46.21243" lon="3.26519"></trkpt>
<trkpt lat="46.21253" lon="3.2647"></trkpt>
<trkpt lat="46.21268" lon="3.26397"></trkpt>
<trkpt lat="46.21273" lon="3.26372"></trkpt>
<trkpt lat="46.21279" lon="3.26336"></trkpt>
<trkpt lat="46.21288" lon="3.26291"></trkpt>
<trkpt lat="46.21307" lon="3.26198"></trkpt>
<trkpt lat="46.21325" lon="3.26104"></trkpt>
<trkpt lat="46.21354" lon="3.25959"></trkpt>
<trkpt lat="46.21394" lon="3.25749"></trkpt>
<trkpt lat="46.21413" lon="3.25654"></trkpt>
<trkpt lat="46.21611" lon="3.25803"></trkpt>
<trkpt lat="46.21717" lon="3.25885"></trkpt>
<trkpt lat="46.21754" lon="3.25915"></trkpt>
<trkpt lat="46.21962" lon="3.26075"></trkpt>
<trkpt lat="46.22052" lon="3.26146"></trkpt>
<trkpt lat="46.22058" lon="3.26148"></trkpt>
<trkpt lat="46.2206" lon="3.2615"></trkpt>
<trkpt lat="46.22067" lon="3.26151"></trkpt>
<trkpt lat="46.22084" lon="3.26148"></trkpt>
<trkpt lat="46.22097" lon="3.26143"></trkpt>
<trkpt lat="46.2218" lon="3.26107"></trkpt>
<trkpt lat="46.2218" lon="3.26107"></trkpt>
<trkpt lat="46.22386" lon="3.26017"></trkpt>
<trkpt lat="46.22439" lon="3.25994"></trkpt>
<trkpt lat="46.22452" lon="3.25992"></trkpt>
<trkpt lat="46.22464" lon="3.2599"></trkpt>
<trkpt lat="46.22968" lon="3.25998"></trkpt>
<trkpt lat="46.23003" lon="3.25997"></trkpt>
<trkpt lat="46.23059" lon="3.25999"></trkpt>
<trkpt lat="46.23184" lon="3.26001"></trkpt>
<trkpt lat="46.23446" lon="3.26004"></trkpt>
<trkpt lat="46.23472" lon="3.26002"></trkpt>
<trkpt lat="46.23484" lon="3.25996"></trkpt>
<trkpt lat="46.2349" lon="3.2599"></trkpt>
<trkpt lat="46.23507" lon="3.25967"></trkpt>
<trkpt lat="46.23517" lon="3.25948"></trkpt>
<trkpt lat="46.23526" lon="3.25927"></trkpt>
<trkpt lat="46.23533" lon="3.25908"></trkpt>
<trkpt lat="46.23542" lon="3.2587"></trkpt>
<trkpt lat="46.23548" lon="3.25797"></trkpt>
<trkpt lat="46.23549" lon="3.25762"></trkpt>
<trkpt lat="46.23548" lon="3.25748"></trkpt>
<trkpt lat="46.23543" lon="3.25716"></trkpt>
<trkpt lat="46.23539" lon="3.25699"></trkpt>
<trkpt lat="46.23534" lon="3.25661"></trkpt>
<trkpt lat="46.23533" lon="3.25645"></trkpt>
<trkpt lat="46.23534" lon="3.25624"></trkpt>
<trkpt lat="46.2354" lon="3.25567"></trkpt>
<trkpt lat="46.23545" lon="3.2555"></trkpt>
<trkpt lat="46.23556" lon="3.25521"></trkpt>
<trkpt lat="46.23582" lon="3.25469"></trkpt>
<trkpt lat="46.23588" lon="3.25459"></trkpt>
<trkpt lat="46.23632" lon="3.2537"></trkpt>
<trkpt lat="46.23642" lon="3.25355"></trkpt>
<trkpt lat="46.23655" lon="3.25357"></trkpt>
<trkpt lat="46.23664" lon="3.25361"></trkpt>
<trkpt lat="46.23676" lon="3.25373"></trkpt>
<trkpt lat="46.2368" lon="3.2538"></trkpt>
<trkpt lat="46.23684" lon="3.25391"></trkpt>
<trkpt lat="46.23687" lon="3.25404"></trkpt>
<trkpt lat="46.23689" lon="3.25422"></trkpt>
<trkpt lat="46.23688" lon="3.25491"></trkpt>
<trkpt lat="46.23691" lon="3.25516"></trkpt>
<trkpt lat="46.23696" lon="3.25532"></trkpt>
<trkpt lat="46.23703" lon="3.25547"></trkpt>
<trkpt lat="46.23743" lon="3.25618"></trkpt>
<trkpt lat="46.23761" lon="3.25655"></trkpt>
<trkpt lat="46.23779" lon="3.25698"></trkpt>
<trkpt lat="46.2379" lon="3.25715"></trkpt>
<trkpt lat="46.23816" lon="3.25742"></trkpt>
<trkpt lat="46.24216" lon="3.26131"></trkpt>
<trkpt lat="46.24248" lon="3.26159"></trkpt>
<trkpt lat="46.24267" lon="3.26172"></trkpt>
<trkpt lat="46.24298" lon="3.26197"></trkpt>
<trkpt lat="46.24425" lon="3.26324"></trkpt>
<trkpt lat="46.24472" lon="3.26364"></trkpt>
<trkpt lat="46.24589" lon="3.26451"></trkpt>
<trkpt lat="46.24661" lon="3.26503"></trkpt>
<trkpt lat="46.24787" lon="3.26567"></trkpt>
<trkpt lat="46.24862" lon="3.26595"></trkpt>
<trkpt lat="46.24875" lon="3.26601"></trkpt>
<trkpt lat="46.24896" lon="3.26614"></trkpt>
<trkpt lat="46.24943" lon="3.2665"></trkpt>
<trkpt lat="46.24955" lon="3.26656"></trkpt>
<trkpt lat="46.24967" lon="3.2666"></trkpt>
<trkpt lat="46.25024" lon="3.26671"></trkpt>
<trkpt lat="46.25071" lon="3.26683"></trkpt>
<trkpt lat="46.25098" lon="3.26691"></trkpt>
<trkpt lat="46.25125" lon="3.26704"></trkpt>
<trkpt lat="46.25178" lon="3.26736"></trkpt>
<trkpt lat="46.25175" lon="3.26762"></trkpt>
<trkpt lat="46.25176" lon="3.26779"></trkpt>
<trkpt lat="46.25179" lon="3.26784"></trkpt>
<trkpt lat="46.25205" lon="3.26804"></trkpt>
<trkpt lat="46.25264" lon="3.26862"></trkpt>
<trkpt lat="46.25283" lon="3.26872"></trkpt>
<trkpt lat="46.25322" lon="3.26887"></trkpt>
<trkpt lat="46.25463" lon="3.26958"></trkpt>
<trkpt lat="46.25534" lon="3.26995"></trkpt>
<trkpt lat="46.25598" lon="3.27028"></trkpt>
<trkpt lat="46.25681" lon="3.27071"></trkpt>
<trkpt lat="46.25795" lon="3.2713"></trkpt>
<trkpt lat="46.25807" lon="3.27137"></trkpt>
<trkpt lat="46.25826" lon="3.27152"></trkpt>
<trkpt lat="46.25864" lon="3.27166"></trkpt>
<trkpt lat="46.2591" lon="3.27191"></trkpt>
<trkpt lat="46.25992" lon="3.27233"></trkpt>
<trkpt lat="46.2605" lon="3.27268"></trkpt>
<trkpt lat="46.26188" lon="3.27336"></trkpt>
<trkpt lat="46.2634" lon="3.27419"></trkpt>
<trkpt lat="46.2644" lon="3.27399"></trkpt>
<trkpt lat="46.2644" lon="3.27399"></trkpt>
<trkpt lat="46.2655" lon="3.27376"></trkpt>
<trkpt lat="46.26584" lon="3.27372"></trkpt>
<trkpt lat="46.26614" lon="3.27413"></trkpt>
<trkpt lat="46.26635" lon="3.27474"></trkpt>
<trkpt lat="46.26819" lon="3.2761"></trkpt>
<trkpt lat="46.26955" lon="3.27671"></trkpt>
<trkpt lat="46.27102" lon="3.27735"></trkpt>
<trkpt lat="46.27168" lon="3.27754"></trkpt>
<trkpt lat="46.2722" lon="3.27827"></trkpt>
<trkpt lat="46.27229" lon="3.27815"></trkpt>
<trkpt lat="46.27292" lon="3.27688"></trkpt>
<trkpt lat="46.27357" lon="3.27562"></trkpt>
<trkpt lat="46.27368" lon="3.27543"></trkpt>
<trkpt lat="46.27381" lon="3.27524"></trkpt>
<trkpt lat="46.27403" lon="3.27496"></trkpt>
<trkpt lat="46.27415" lon="3.27483"></trkpt>
<trkpt lat="46.2744" lon="3.2746"></trkpt>
<trkpt lat="46.27467" lon="3.27435"></trkpt>
<trkpt lat="46.2749" lon="3.27417"></trkpt>
<trkpt lat="46.275" lon="3.27405"></trkpt>
<trkpt lat="46.27518" lon="3.27402"></trkpt>
<trkpt lat="46.27529" lon="3.27398"></trkpt>
<trkpt lat="46.27553" lon="3.27386"></trkpt>
<trkpt lat="46.27586" lon="3.27372"></trkpt>
<trkpt lat="46.27643" lon="3.27343"></trkpt>
<trkpt lat="46.27687" lon="3.27322"></trkpt>
<trkpt lat="46.27712" lon="3.27308"></trkpt>
<trkpt lat="46.27725" lon="3.27299"></trkpt>
<trkpt lat="46.27745" lon="3.27282"></trkpt>
<trkpt lat="46.27796" lon="3.27234"></trkpt>
<trkpt lat="46.27845" lon="3.27185"></trkpt>
<trkpt lat="46.27878" lon="3.27147"></trkpt>
<trkpt lat="46.27952" lon="3.27051"></trkpt>
<trkpt lat="46.28008" lon="3.26979"></trkpt>
<trkpt lat="46.28036" lon="3.26942"></trkpt>
<trkpt lat="46.28093" lon="3.26871"></trkpt>
<trkpt lat="46.28104" lon="3.26859"></trkpt>
<trkpt lat="46.28118" lon="3.26848"></trkpt>
<trkpt lat="46.28131" lon="3.26842"></trkpt>
<trkpt lat="46.28143" lon="3.26839"></trkpt>
<trkpt lat="46.28265" lon="3.26816"></trkpt>
<trkpt lat="46.28282" lon="3.26813"></trkpt>
<trkpt lat="46.28376" lon="3.26796"></trkpt>
<trkpt lat="46.28402" lon="3.26793"></trkpt>
<trkpt lat="46.28426" lon="3.26792"></trkpt>
<trkpt lat="46.28685" lon="3.26803"></trkpt>
<trkpt lat="46.28724" lon="3.26806"></trkpt>
<trkpt lat="46.28764" lon="3.26808"></trkpt>
<trkpt lat="46.28796" lon="3.2681"></trkpt>
<trkpt lat="46.28818" lon="3.26813"></trkpt>
<trkpt lat="46.28982" lon="3.26842"></trkpt>
<trkpt lat="46.28972" lon="3.26913"></trkpt>
<trkpt lat="46.28954" lon="3.27068"></trkpt>
<trkpt lat="46.28937" lon="3.27226"></trkpt>
<trkpt lat="46.28937" lon="3.27226"></trkpt>
<trkpt lat="46.28931" lon="3.27285"></trkpt>
<trkpt lat="46.29009" lon="3.27299"></trkpt>
<trkpt lat="46.2903" lon="3.27305"></trkpt>
<trkpt lat="46.29044" lon="3.27313"></trkpt>
<trkpt lat="46.29051" lon="3.2732"></trkpt>
<trkpt lat="46.29068" lon="3.27341"></trkpt>
<trkpt lat="46.29157" lon="3.27469"></trkpt>
<trkpt lat="46.29166" lon="3.27478"></trkpt>
<trkpt lat="46.29194" lon="3.275"></trkpt>
<trkpt lat="46.29235" lon="3.27524"></trkpt>
<trkpt lat="46.29264" lon="3.27533"></trkpt>
<trkpt lat="46.29276" lon="3.27539"></trkpt>
<trkpt lat="46.29319" lon="3.27569"></trkpt>
<trkpt lat="46.29364" lon="3.27605"></trkpt>
<trkpt lat="46.29372" lon="3.27609"></trkpt>
<trkpt lat="46.29382" lon="3.27612"></trkpt>
<trkpt lat="46.29419" lon="3.27625"></trkpt>
<trkpt lat="46.29434" lon="3.27633"></trkpt>
<trkpt lat="46.29444" lon="3.27641"></trkpt>
<trkpt lat="46.29487" lon="3.27689"></trkpt>
<trkpt lat="46.29514" lon="3.27715"></trkpt>
<trkpt lat="46.29556" lon="3.27747"></trkpt>
<trkpt lat="46.29556" lon="3.27747"></trkpt>
<trkpt lat="46.29587" lon="3.2777"></trkpt>
<trkpt lat="46.29609" lon="3.27784"></trkpt>
<trkpt lat="46.29647" lon="3.27816"></trkpt>
<trkpt lat="46.29717" lon="3.27887"></trkpt>
<trkpt lat="46.29762" lon="3.27952"></trkpt>
<trkpt lat="46.29776" lon="3.27967"></trkpt>
<trkpt lat="46.298" lon="3.27987"></trkpt>
<trkpt lat="46.29872" lon="3.28036"></trkpt>
<trkpt lat="46.29914" lon="3.28069"></trkpt>
<trkpt lat="46.29948" lon="3.28101"></trkpt>
<trkpt lat="46.29972" lon="3.28116"></trkpt>
<trkpt lat="46.29981" lon="3.28117"></trkpt>
<trkpt lat="46.30004" lon="3.28121"></trkpt>
<trkpt lat="46.30018" lon="3.28125"></trkpt>
<trkpt lat="46.30037" lon="3.28136"></trkpt>
<trkpt lat="46.30043" lon="3.28137"></trkpt>
<trkpt lat="46.3005" lon="3.28153"></trkpt>
<trkpt lat="46.30071" lon="3.28196"></trkpt>
<trkpt lat="46.30094" lon="3.28227"></trkpt>
<trkpt lat="46.30207" lon="3.28339"></trkpt>
<trkpt lat="46.30244" lon="3.28382"></trkpt>
<trkpt lat="46.30253" lon="3.28394"></trkpt>
<trkpt lat="46.30266" lon="3.28405"></trkpt>
<trkpt lat="46.30266" lon="3.2841"></trkpt>
<trkpt lat="46.30269" lon="3.28421"></trkpt>
<trkpt lat="46.30277" lon="3.28425"></trkpt>
<trkpt lat="46.30284" lon="3.28421"></trkpt>
<trkpt lat="46.30294" lon="3.28443"></trkpt>
<trkpt lat="46.30308" lon="3.28485"></trkpt>
<trkpt lat="46.30349" lon="3.28592"></trkpt>
<trkpt lat="46.30364" lon="3.28628"></trkpt>
<trkpt lat="46.30388" lon="3.28673"></trkpt>
<trkpt lat="46.3042" lon="3.28729"></trkpt>
<trkpt lat="46.30429" lon="3.28744"></trkpt>
<trkpt lat="46.30436" lon="3.28756"></trkpt>
<trkpt lat="46.30452" lon="3.28782"></trkpt>
<trkpt lat="46.30471" lon="3.28808"></trkpt>
<trkpt lat="46.30474" lon="3.28812"></trkpt>
<trkpt lat="46.30485" lon="3.28823"></trkpt>
<trkpt lat="46.30505" lon="3.28845"></trkpt>
<trkpt lat="46.30551" lon="3.28883"></trkpt>
<trkpt lat="46.30562" lon="3.2889"></trkpt>
<trkpt lat="46.30568" lon="3.28878"></trkpt>
<trkpt lat="46.30581" lon="3.28852"></trkpt>
<trkpt lat="46.30592" lon="3.28833"></trkpt>
<trkpt lat="46.30602" lon="3.28823"></trkpt>
<trkpt lat="46.30716" lon="3.28742"></trkpt>
<trkpt lat="46.30727" lon="3.28734"></trkpt>
<trkpt lat="46.30767" lon="3.28707"></trkpt>
<trkpt lat="46.30784" lon="3.28701"></trkpt>
<trkpt lat="46.30791" lon="3.28699"></trkpt>
<trkpt lat="46.30807" lon="3.287"></trkpt>
<trkpt lat="46.30821" lon="3.28703"></trkpt>
<trkpt lat="46.3084" lon="3.28707"></trkpt>
<trkpt lat="46.30878" lon="3.28719"></trkpt>
<trkpt lat="46.30908" lon="3.28726"></trkpt>
<trkpt lat="46.30954" lon="3.28738"></trkpt>
<trkpt lat="46.30966" lon="3.2875"></trkpt>
<trkpt lat="46.30971" lon="3.28762"></trkpt>
<trkpt lat="46.30975" lon="3.28782"></trkpt>
<trkpt lat="46.30972" lon="3.28819"></trkpt>
<trkpt lat="46.30972" lon="3.28831"></trkpt>
<trkpt lat="46.30974" lon="3.2884"></trkpt>
<trkpt lat="46.30987" lon="3.28856"></trkpt>
<trkpt lat="46.30973" lon="3.2888"></trkpt>
<trkpt lat="46.3097" lon="3.28885"></trkpt>
<trkpt lat="46.30956" lon="3.28909"></trkpt>
<trkpt lat="46.30932" lon="3.28949"></trkpt>
<trkpt lat="46.30899" lon="3.29007"></trkpt>
<trkpt lat="46.30891" lon="3.29022"></trkpt>
<trkpt lat="46.30875" lon="3.29066"></trkpt>
<trkpt lat="46.30869" lon="3.2909"></trkpt>
<trkpt lat="46.30866" lon="3.29101"></trkpt>
<trkpt lat="46.30857" lon="3.29129"></trkpt>
<trkpt lat="46.3085" lon="3.29155"></trkpt>
<trkpt lat="46.30839" lon="3.29195"></trkpt>
<trkpt lat="46.30849" lon="3.29199"></trkpt>
<trkpt lat="46.30869" lon="3.29215"></trkpt>
<trkpt lat="46.30898" lon="3.29244"></trkpt>
<trkpt lat="46.30948" lon="3.29301"></trkpt>
<trkpt lat="46.3098" lon="3.29344"></trkpt>
<trkpt lat="46.31002" lon="3.29371"></trkpt>
<trkpt lat="46.31007" lon="3.29374"></trkpt>
<trkpt lat="46.3101" lon="3.2938"></trkpt>
<trkpt lat="46.31012" lon="3.29387"></trkpt>
<trkpt lat="46.31015" lon="3.29392"></trkpt>
<trkpt lat="46.3102" lon="3.29394"></trkpt>
<trkpt lat="46.31025" lon="3.29392"></trkpt>
<trkpt lat="46.31032" lon="3.29399"></trkpt>
<trkpt lat="46.3104" lon="3.29403"></trkpt>
<trkpt lat="46.31084" lon="3.29412"></trkpt>
<trkpt lat="46.3116" lon="3.29422"></trkpt>
<trkpt lat="46.31169" lon="3.29419"></trkpt>
<trkpt lat="46.31171" lon="3.29416"></trkpt>
<trkpt lat="46.31173" lon="3.29408"></trkpt>
<trkpt lat="46.31175" lon="3.29389"></trkpt>
<trkpt lat="46.31173" lon="3.29341"></trkpt>
<trkpt lat="46.31177" lon="3.29325"></trkpt>
<trkpt lat="46.3118" lon="3.29322"></trkpt>
<trkpt lat="46.31216" lon="3.29299"></trkpt>
<trkpt lat="46.31224" lon="3.29295"></trkpt>
<trkpt lat="46.31224" lon="3.29295"></trkpt>
<trkpt lat="46.31225" lon="3.29294"></trkpt>
<trkpt lat="46.31238" lon="3.29291"></trkpt>
<trkpt lat="46.31302" lon="3.2928"></trkpt>
<trkpt lat="46.31357" lon="3.29274"></trkpt>
<trkpt lat="46.31392" lon="3.29269"></trkpt>
<trkpt lat="46.31424" lon="3.29265"></trkpt>
<trkpt lat="46.31436" lon="3.29265"></trkpt>
<trkpt lat="46.3148" lon="3.29268"></trkpt>
<trkpt lat="46.31536" lon="3.29267"></trkpt>
<trkpt lat="46.31544" lon="3.29265"></trkpt>
<trkpt lat="46.31552" lon="3.29261"></trkpt>
<trkpt lat="46.31559" lon="3.29254"></trkpt>
<trkpt lat="46.3158" lon="3.29217"></trkpt>
<trkpt lat="46.31583" lon="3.29209"></trkpt>
<trkpt lat="46.31584" lon="3.29202"></trkpt>
<trkpt lat="46.31586" lon="3.29174"></trkpt>
<trkpt lat="46.31587" lon="3.29152"></trkpt>
<trkpt lat="46.3159" lon="3.29135"></trkpt>
<trkpt lat="46.31597" lon="3.29108"></trkpt>
<trkpt lat="46.31599" lon="3.29103"></trkpt>
<trkpt lat="46.31599" lon="3.29103"></trkpt>
<trkpt lat="46.31602" lon="3.29095"></trkpt>
<trkpt lat="46.31607" lon="3.29084"></trkpt>
<trkpt lat="46.31613" lon="3.29075"></trkpt>
<trkpt lat="46.31626" lon="3.29062"></trkpt>
<trkpt lat="46.31637" lon="3.29056"></trkpt>
<trkpt lat="46.31681" lon="3.29046"></trkpt>
<trkpt lat="46.31701" lon="3.29036"></trkpt>
<trkpt lat="46.31707" lon="3.2903"></trkpt>
<trkpt lat="46.31711" lon="3.29024"></trkpt>
<trkpt lat="46.31717" lon="3.2901"></trkpt>
<trkpt lat="46.31728" lon="3.28971"></trkpt>
<trkpt lat="46.31731" lon="3.28964"></trkpt>
<trkpt lat="46.31736" lon="3.28957"></trkpt>
<trkpt lat="46.31741" lon="3.28953"></trkpt>
<trkpt lat="46.31759" lon="3.28943"></trkpt>
<trkpt lat="46.31792" lon="3.28938"></trkpt>
<trkpt lat="46.31803" lon="3.28934"></trkpt>
<trkpt lat="46.3181" lon="3.28929"></trkpt>
<trkpt lat="46.31827" lon="3.28911"></trkpt>
<trkpt lat="46.31839" lon="3.28902"></trkpt>
<trkpt lat="46.31844" lon="3.289"></trkpt>
<trkpt lat="46.31894" lon="3.28894"></trkpt>
<trkpt lat="46.31914" lon="3.28893"></trkpt>
<trkpt lat="46.31937" lon="3.28906"></trkpt>
<trkpt lat="46.31962" lon="3.28916"></trkpt>
<trkpt lat="46.32051" lon="3.28938"></trkpt>
<trkpt lat="46.32059" lon="3.2894"></trkpt>
<trkpt lat="46.32132" lon="3.28945"></trkpt>
<trkpt lat="46.32194" lon="3.28951"></trkpt>
<trkpt lat="46.32221" lon="3.2896"></trkpt>
<trkpt lat="46.32231" lon="3.28965"></trkpt>
<trkpt lat="46.32321" lon="3.29015"></trkpt>
<trkpt lat="46.3236" lon="3.29035"></trkpt>
<trkpt lat="46.32389" lon="3.29043"></trkpt>
<trkpt lat="46.32431" lon="3.29047"></trkpt>
<trkpt lat="46.32467" lon="3.2905"></trkpt>
<trkpt lat="46.32486" lon="3.29054"></trkpt>
<trkpt lat="46.32496" lon="3.29058"></trkpt>
<trkpt lat="46.32515" lon="3.29073"></trkpt>
<trkpt lat="46.3253" lon="3.29088"></trkpt>
<trkpt lat="46.32549" lon="3.29112"></trkpt>
<trkpt lat="46.32562" lon="3.29129"></trkpt>
<trkpt lat="46.32608" lon="3.29199"></trkpt>
<trkpt lat="46.32617" lon="3.29208"></trkpt>
<trkpt lat="46.32627" lon="3.29215"></trkpt>
<trkpt lat="46.32647" lon="3.29223"></trkpt>
<trkpt lat="46.32657" lon="3.29225"></trkpt>
<trkpt lat="46.32657" lon="3.29225"></trkpt>
<trkpt lat="46.3266" lon="3.29225"></trkpt>
<trkpt lat="46.32842" lon="3.29277"></trkpt>
<trkpt lat="46.32856" lon="3.29279"></trkpt>
<trkpt lat="46.32864" lon="3.29316"></trkpt>
<trkpt lat="46.32879" lon="3.29332"></trkpt>
<trkpt lat="46.32912" lon="3.29355"></trkpt>
<trkpt lat="46.3293" lon="3.29369"></trkpt>
<trkpt lat="46.3294" lon="3.29383"></trkpt>
<trkpt lat="46.32948" lon="3.29378"></trkpt>
<trkpt lat="46.32965" lon="3.29374"></trkpt>
<trkpt lat="46.33099" lon="3.2933"></trkpt>
<trkpt lat="46.3318" lon="3.2932"></trkpt>
<trkpt lat="46.33219" lon="3.29313"></trkpt>
<trkpt lat="46.33251" lon="3.29304"></trkpt>
<trkpt lat="46.33338" lon="3.29272"></trkpt>
<trkpt lat="46.33339" lon="3.29264"></trkpt>
<trkpt lat="46.33337" lon="3.29236"></trkpt>
<trkpt lat="46.3333" lon="3.29167"></trkpt>
<trkpt lat="46.33326" lon="3.29146"></trkpt>
<trkpt lat="46.33314" lon="3.29112"></trkpt>
<trkpt lat="46.33296" lon="3.29072"></trkpt>
<trkpt lat="46.33292" lon="3.29053"></trkpt>
<trkpt lat="46.33294" lon="3.29045"></trkpt>
<trkpt lat="46.33304" lon="3.29029"></trkpt>
<trkpt lat="46.3334" lon="3.28985"></trkpt>
<trkpt lat="46.33365" lon="3.28964"></trkpt>
<trkpt lat="46.33374" lon="3.28959"></trkpt>
<trkpt lat="46.33374" lon="3.28959"></trkpt>
<trkpt lat="46.33381" lon="3.28955"></trkpt>
<trkpt lat="46.33392" lon="3.28952"></trkpt>
<trkpt lat="46.33421" lon="3.28948"></trkpt>
<trkpt lat="46.3343" lon="3.28944"></trkpt>
<trkpt lat="46.33449" lon="3.2893"></trkpt>
<trkpt lat="46.33473" lon="3.28909"></trkpt>
<trkpt lat="46.33488" lon="3.28894"></trkpt>
<trkpt lat="46.33495" lon="3.28891"></trkpt>
<trkpt lat="46.33502" lon="3.28893"></trkpt>
<trkpt lat="46.33511" lon="3.28903"></trkpt>
<trkpt lat="46.33552" lon="3.28967"></trkpt>
<trkpt lat="46.33576" lon="3.29001"></trkpt>
<trkpt lat="46.33592" lon="3.29021"></trkpt>
<trkpt lat="46.3361" lon="3.29041"></trkpt>
<trkpt lat="46.33645" lon="3.29074"></trkpt>
<trkpt lat="46.33654" lon="3.29078"></trkpt>
<trkpt lat="46.3366" lon="3.29077"></trkpt>
<trkpt lat="46.33664" lon="3.29085"></trkpt>
<trkpt lat="46.33673" lon="3.29095"></trkpt>
<trkpt lat="46.33814" lon="3.29223"></trkpt>
<trkpt lat="46.33824" lon="3.29238"></trkpt>
<trkpt lat="46.33829" lon="3.29248"></trkpt>
<trkpt lat="46.33836" lon="3.29268"></trkpt>
<trkpt lat="46.33838" lon="3.29281"></trkpt>
<trkpt lat="46.3384" lon="3.29295"></trkpt>
<trkpt lat="46.33841" lon="3.29321"></trkpt>
<trkpt lat="46.33836" lon="3.29358"></trkpt>
<trkpt lat="46.33752" lon="3.29709"></trkpt>
<trkpt lat="46.33748" lon="3.29726"></trkpt>
<trkpt lat="46.33744" lon="3.29759"></trkpt>
<trkpt lat="46.33747" lon="3.29782"></trkpt>
<trkpt lat="46.3375" lon="3.29793"></trkpt>
<trkpt lat="46.3376" lon="3.29816"></trkpt>
<trkpt lat="46.33771" lon="3.29835"></trkpt>
<trkpt lat="46.33796" lon="3.29876"></trkpt>
<trkpt lat="46.33801" lon="3.29881"></trkpt>
<trkpt lat="46.33827" lon="3.29903"></trkpt>
<trkpt lat="46.3384" lon="3.29912"></trkpt>
<trkpt lat="46.33896" lon="3.29943"></trkpt>
<trkpt lat="46.33926" lon="3.29959"></trkpt>
<trkpt lat="46.33946" lon="3.29973"></trkpt>
<trkpt lat="46.33958" lon="3.29983"></trkpt>
<trkpt lat="46.34022" lon="3.30049"></trkpt>
<trkpt lat="46.34022" lon="3.30049"></trkpt>
<trkpt lat="46.34091" lon="3.3012"></trkpt>
<trkpt lat="46.34097" lon="3.30144"></trkpt>
<trkpt lat="46.34105" lon="3.30218"></trkpt>
<trkpt lat="46.34109" lon="3.30238"></trkpt>
<trkpt lat="46.34112" lon="3.30246"></trkpt>
<trkpt lat="46.34112" lon="3.30246"></trkpt>
<trkpt lat="46.34122" lon="3.30274"></trkpt>
<trkpt lat="46.34161" lon="3.3037"></trkpt>
<trkpt lat="46.34161" lon="3.3037"></trkpt>
<trkpt lat="46.3417" lon="3.30393"></trkpt>
<trkpt lat="46.34183" lon="3.30417"></trkpt>
<trkpt lat="46.34194" lon="3.30429"></trkpt>
<trkpt lat="46.34185" lon="3.30473"></trkpt>
<trkpt lat="46.3418" lon="3.30516"></trkpt>
<trkpt lat="46.34169" lon="3.30745"></trkpt>
<trkpt lat="46.34167" lon="3.30775"></trkpt>
<trkpt lat="46.34161" lon="3.30821"></trkpt>
<trkpt lat="46.34175" lon="3.30829"></trkpt>
<trkpt lat="46.34183" lon="3.30832"></trkpt>
<trkpt lat="46.342" lon="3.30833"></trkpt>
<trkpt lat="46.34212" lon="3.3083"></trkpt>
<trkpt lat="46.34299" lon="3.30791"></trkpt>
<trkpt lat="46.3431" lon="3.30786"></trkpt>
<trkpt lat="46.34324" lon="3.30782"></trkpt>
<trkpt lat="46.34349" lon="3.30779"></trkpt>
<trkpt lat="46.34547" lon="3.30805"></trkpt>
<trkpt lat="46.34574" lon="3.30808"></trkpt>
<trkpt lat="46.34596" lon="3.30809"></trkpt>
<trkpt lat="46.34636" lon="3.30806"></trkpt>
<trkpt lat="46.34848" lon="3.30781"></trkpt>
<trkpt lat="46.34912" lon="3.30773"></trkpt>
<trkpt lat="46.34932" lon="3.30768"></trkpt>
<trkpt lat="46.34939" lon="3.30763"></trkpt>
<trkpt lat="46.34947" lon="3.30755"></trkpt>
<trkpt lat="46.34973" lon="3.30712"></trkpt>
<trkpt lat="46.35012" lon="3.30646"></trkpt>
<trkpt lat="46.35022" lon="3.30629"></trkpt>
<trkpt lat="46.35042" lon="3.30602"></trkpt>
<trkpt lat="46.3505" lon="3.30595"></trkpt>
<trkpt lat="46.35073" lon="3.30583"></trkpt>
<trkpt lat="46.35119" lon="3.30565"></trkpt>
<trkpt lat="46.35159" lon="3.30541"></trkpt>
<trkpt lat="46.352" lon="3.30519"></trkpt>
<trkpt lat="46.35242" lon="3.30489"></trkpt>
<trkpt lat="46.35262" lon="3.30477"></trkpt>
<trkpt lat="46.35284" lon="3.30466"></trkpt>
<trkpt lat="46.35315" lon="3.30457"></trkpt>
<trkpt lat="46.35332" lon="3.30448"></trkpt>
<trkpt lat="46.35346" lon="3.3044"></trkpt>
<trkpt lat="46.35377" lon="3.30423"></trkpt>
<trkpt lat="46.35405" lon="3.30409"></trkpt>
<trkpt lat="46.35415" lon="3.30406"></trkpt>
<trkpt lat="46.35435" lon="3.30403"></trkpt>
<trkpt lat="46.35448" lon="3.30404"></trkpt>
<trkpt lat="46.3547" lon="3.3041"></trkpt>
<trkpt lat="46.35493" lon="3.3042"></trkpt>
<trkpt lat="46.356" lon="3.30499"></trkpt>
<trkpt lat="46.3562" lon="3.30512"></trkpt>
<trkpt lat="46.35631" lon="3.30517"></trkpt>
<trkpt lat="46.35646" lon="3.3052"></trkpt>
<trkpt lat="46.35665" lon="3.30522"></trkpt>
<trkpt lat="46.35846" lon="3.30524"></trkpt>
<trkpt lat="46.35899" lon="3.30521"></trkpt>
<trkpt lat="46.35947" lon="3.30513"></trkpt>
<trkpt lat="46.36007" lon="3.30501"></trkpt>
<trkpt lat="46.36007" lon="3.30501"></trkpt>
<trkpt lat="46.36117" lon="3.30478"></trkpt>
<trkpt lat="46.36172" lon="3.30469"></trkpt>
<trkpt lat="46.36183" lon="3.30465"></trkpt>
<trkpt lat="46.36192" lon="3.3046"></trkpt>
<trkpt lat="46.36201" lon="3.30453"></trkpt>
<trkpt lat="46.36213" lon="3.30441"></trkpt>
<trkpt lat="46.36257" lon="3.30389"></trkpt>
<trkpt lat="46.36276" lon="3.30371"></trkpt>
<trkpt lat="46.36285" lon="3.30364"></trkpt>
<trkpt lat="46.36299" lon="3.30356"></trkpt>
<trkpt lat="46.36334" lon="3.30342"></trkpt>
<trkpt lat="46.36386" lon="3.30328"></trkpt>
<trkpt lat="46.36428" lon="3.30322"></trkpt>
<trkpt lat="46.36476" lon="3.30324"></trkpt>
<trkpt lat="46.36489" lon="3.30326"></trkpt>
<trkpt lat="46.36498" lon="3.30329"></trkpt>
<trkpt lat="46.36507" lon="3.30334"></trkpt>
<trkpt lat="46.36518" lon="3.30344"></trkpt>
<trkpt lat="46.36546" lon="3.30374"></trkpt>
<trkpt lat="46.36568" lon="3.30392"></trkpt>
<trkpt lat="46.36595" lon="3.30408"></trkpt>
<trkpt lat="46.36678" lon="3.30448"></trkpt>
<trkpt lat="46.36726" lon="3.30469"></trkpt>
<trkpt lat="46.36824" lon="3.30508"></trkpt>
<trkpt lat="46.36844" lon="3.30517"></trkpt>
<trkpt lat="46.3692" lon="3.30558"></trkpt>
<trkpt lat="46.36945" lon="3.3057"></trkpt>
<trkpt lat="46.36967" lon="3.30579"></trkpt>
<trkpt lat="46.37024" lon="3.30598"></trkpt>
<trkpt lat="46.3705" lon="3.30605"></trkpt>
<trkpt lat="46.37099" lon="3.30611"></trkpt>
<trkpt lat="46.3712" lon="3.30615"></trkpt>
<trkpt lat="46.37193" lon="3.30631"></trkpt>
<trkpt lat="46.37224" lon="3.30636"></trkpt>
<trkpt lat="46.37308" lon="3.30639"></trkpt>
<trkpt lat="46.37396" lon="3.30644"></trkpt>
<trkpt lat="46.37476" lon="3.30646"></trkpt>
<trkpt lat="46.37493" lon="3.30644"></trkpt>
<trkpt lat="46.37506" lon="3.30641"></trkpt>
<trkpt lat="46.37517" lon="3.30637"></trkpt>
<trkpt lat="46.37525" lon="3.30632"></trkpt>
<trkpt lat="46.37538" lon="3.30619"></trkpt>
<trkpt lat="46.37551" lon="3.30596"></trkpt>
<trkpt lat="46.37556" lon="3.30584"></trkpt>
<trkpt lat="46.37563" lon="3.30562"></trkpt>
<trkpt lat="46.37569" lon="3.30523"></trkpt>
<trkpt lat="46.37577" lon="3.3051"></trkpt>
<trkpt lat="46.37593" lon="3.30495"></trkpt>
<trkpt lat="46.37598" lon="3.30488"></trkpt>
<trkpt lat="46.37603" lon="3.30478"></trkpt>
<trkpt lat="46.37606" lon="3.30467"></trkpt>
<trkpt lat="46.37608" lon="3.3045"></trkpt>
<trkpt lat="46.3762" lon="3.30266"></trkpt>
<trkpt lat="46.37625" lon="3.30248"></trkpt>
<trkpt lat="46.37629" lon="3.30244"></trkpt>
<trkpt lat="46.37634" lon="3.30243"></trkpt>
<trkpt lat="46.37639" lon="3.30245"></trkpt>
<trkpt lat="46.37643" lon="3.30251"></trkpt>
<trkpt lat="46.37646" lon="3.30261"></trkpt>
<trkpt lat="46.37652" lon="3.30299"></trkpt>
<trkpt lat="46.37657" lon="3.30321"></trkpt>
<trkpt lat="46.37668" lon="3.3036"></trkpt>
<trkpt lat="46.37681" lon="3.30394"></trkpt>
<trkpt lat="46.3769" lon="3.30413"></trkpt>
<trkpt lat="46.37731" lon="3.30482"></trkpt>
<trkpt lat="46.37751" lon="3.3051"></trkpt>
<trkpt lat="46.37771" lon="3.30534"></trkpt>
<trkpt lat="46.37783" lon="3.30546"></trkpt>
<trkpt lat="46.37804" lon="3.30564"></trkpt>
<trkpt lat="46.37814" lon="3.30571"></trkpt>
<trkpt lat="46.37834" lon="3.3058"></trkpt>
<trkpt lat="46.37842" lon="3.30582"></trkpt>
<trkpt lat="46.37857" lon="3.30581"></trkpt>
<trkpt lat="46.37875" lon="3.30575"></trkpt>
<trkpt lat="46.37959" lon="3.30537"></trkpt>
<trkpt lat="46.38012" lon="3.30515"></trkpt>
<trkpt lat="46.38037" lon="3.30504"></trkpt>
<trkpt lat="46.38074" lon="3.30487"></trkpt>
<trkpt lat="46.3808" lon="3.30482"></trkpt>
<trkpt lat="46.38103" lon="3.30439"></trkpt>
<trkpt lat="46.38111" lon="3.3043"></trkpt>
<trkpt lat="46.38126" lon="3.30417"></trkpt>
<trkpt lat="46.38134" lon="3.30407"></trkpt>
<trkpt lat="46.38143" lon="3.30389"></trkpt>
<trkpt lat="46.38149" lon="3.30369"></trkpt>
<trkpt lat="46.38156" lon="3.3033"></trkpt>
<trkpt lat="46.38159" lon="3.30306"></trkpt>
<trkpt lat="46.38162" lon="3.30257"></trkpt>
<trkpt lat="46.38161" lon="3.30192"></trkpt>
<trkpt lat="46.38156" lon="3.30102"></trkpt>
<trkpt lat="46.38156" lon="3.30083"></trkpt>
<trkpt lat="46.38159" lon="3.30071"></trkpt>
<trkpt lat="46.38163" lon="3.30068"></trkpt>
<trkpt lat="46.38168" lon="3.30067"></trkpt>
<trkpt lat="46.38177" lon="3.30068"></trkpt>
<trkpt lat="46.382" lon="3.30075"></trkpt>
<trkpt lat="46.38213" lon="3.30081"></trkpt>
<trkpt lat="46.38223" lon="3.30087"></trkpt>
<trkpt lat="46.38241" lon="3.30103"></trkpt>
<trkpt lat="46.38251" lon="3.30114"></trkpt>
<trkpt lat="46.38262" lon="3.30127"></trkpt>
<trkpt lat="46.38276" lon="3.30139"></trkpt>
<trkpt lat="46.38284" lon="3.30146"></trkpt>
<trkpt lat="46.38298" lon="3.30155"></trkpt>
<trkpt lat="46.38326" lon="3.30167"></trkpt>
<trkpt lat="46.38338" lon="3.3017"></trkpt>
<trkpt lat="46.38352" lon="3.30171"></trkpt>
<trkpt lat="46.38364" lon="3.3017"></trkpt>
<trkpt lat="46.3841" lon="3.30159"></trkpt>
<trkpt lat="46.38419" lon="3.30159"></trkpt>
<trkpt lat="46.38429" lon="3.30161"></trkpt>
<trkpt lat="46.38438" lon="3.30166"></trkpt>
<trkpt lat="46.38447" lon="3.30173"></trkpt>
<trkpt lat="46.38455" lon="3.30182"></trkpt>
<trkpt lat="46.38483" lon="3.30224"></trkpt>
<trkpt lat="46.38491" lon="3.30234"></trkpt>
<trkpt lat="46.38502" lon="3.30245"></trkpt>
<trkpt lat="46.38538" lon="3.30275"></trkpt>
<trkpt lat="46.38577" lon="3.30308"></trkpt>
<trkpt lat="46.38588" lon="3.30316"></trkpt>
<trkpt lat="46.38607" lon="3.30325"></trkpt>
<trkpt lat="46.38635" lon="3.30332"></trkpt>
<trkpt lat="46.38651" lon="3.30335"></trkpt>
<trkpt lat="46.38783" lon="3.3036"></trkpt>
<trkpt lat="46.38795" lon="3.30359"></trkpt>
<trkpt lat="46.388" lon="3.30356"></trkpt>
<trkpt lat="46.38805" lon="3.3035"></trkpt>
<trkpt lat="46.38847" lon="3.30398"></trkpt>
<trkpt lat="46.38881" lon="3.30437"></trkpt>
<trkpt lat="46.38955" lon="3.30525"></trkpt>
<trkpt lat="46.38969" lon="3.3054"></trkpt>
<trkpt lat="46.38989" lon="3.3056"></trkpt>
<trkpt lat="46.39019" lon="3.30592"></trkpt>
<trkpt lat="46.39043" lon="3.30613"></trkpt>
<trkpt lat="46.3907" lon="3.30636"></trkpt>
<trkpt lat="46.39122" lon="3.30672"></trkpt>
<trkpt lat="46.39134" lon="3.30679"></trkpt>
<trkpt lat="46.3917" lon="3.307"></trkpt>
<trkpt lat="46.3919" lon="3.30709"></trkpt>
<trkpt lat="46.39217" lon="3.30722"></trkpt>
<trkpt lat="46.39238" lon="3.3073"></trkpt>
<trkpt lat="46.39281" lon="3.30745"></trkpt>
<trkpt lat="46.3935" lon="3.30768"></trkpt>
<trkpt lat="46.39411" lon="3.30788"></trkpt>
<trkpt lat="46.3942" lon="3.30791"></trkpt>
<trkpt lat="46.39587" lon="3.30847"></trkpt>
<trkpt lat="46.3971" lon="3.30888"></trkpt>
<trkpt lat="46.39757" lon="3.30904"></trkpt>
<trkpt lat="46.39767" lon="3.30907"></trkpt>
<trkpt lat="46.39767" lon="3.30907"></trkpt>
<trkpt lat="46.39767" lon="3.30907"></trkpt>
<trkpt lat="46.39805" lon="3.30919"></trkpt>
<trkpt lat="46.39894" lon="3.30949"></trkpt>
<trkpt lat="46.39918" lon="3.30957"></trkpt>
<trkpt lat="46.39939" lon="3.30964"></trkpt>
<trkpt lat="46.39968" lon="3.30973"></trkpt>
<trkpt lat="46.40027" lon="3.30992"></trkpt>
<trkpt lat="46.40075" lon="3.31009"></trkpt>
<trkpt lat="46.40109" lon="3.3102"></trkpt>
<trkpt lat="46.40116" lon="3.31022"></trkpt>
<trkpt lat="46.40137" lon="3.31029"></trkpt>
<trkpt lat="46.40174" lon="3.31041"></trkpt>
<trkpt lat="46.40234" lon="3.31061"></trkpt>
<trkpt lat="46.40262" lon="3.31071"></trkpt>
<trkpt lat="46.40277" lon="3.31076"></trkpt>
<trkpt lat="46.40303" lon="3.31085"></trkpt>
<trkpt lat="46.40325" lon="3.31093"></trkpt>
<trkpt lat="46.40347" lon="3.31101"></trkpt>
<trkpt lat="46.4037" lon="3.31109"></trkpt>
<trkpt lat="46.40425" lon="3.31128"></trkpt>
<trkpt lat="46.40453" lon="3.31142"></trkpt>
<trkpt lat="46.40474" lon="3.31157"></trkpt>
<trkpt lat="46.4048" lon="3.31161"></trkpt>
<trkpt lat="46.4049" lon="3.31168"></trkpt>
<trkpt lat="46.40505" lon="3.31178"></trkpt>
<trkpt lat="46.4052" lon="3.31188"></trkpt>
<trkpt lat="46.40566" lon="3.31219"></trkpt>
<trkpt lat="46.40596" lon="3.31232"></trkpt>
<trkpt lat="46.40623" lon="3.31237"></trkpt>
<trkpt lat="46.407" lon="3.31244"></trkpt>
<trkpt lat="46.40792" lon="3.31249"></trkpt>
<trkpt lat="46.40813" lon="3.3125"></trkpt>
<trkpt lat="46.40841" lon="3.31252"></trkpt>
<trkpt lat="46.40963" lon="3.31258"></trkpt>
<trkpt lat="46.40969" lon="3.31259"></trkpt>
<trkpt lat="46.40989" lon="3.3126"></trkpt>
<trkpt lat="46.41033" lon="3.31262"></trkpt>
<trkpt lat="46.41084" lon="3.31265"></trkpt>
<trkpt lat="46.41132" lon="3.31269"></trkpt>
<trkpt lat="46.4116" lon="3.3127"></trkpt>
<trkpt lat="46.41187" lon="3.3115"></trkpt>
<trkpt lat="46.41194" lon="3.31117"></trkpt>
<trkpt lat="46.41228" lon="3.30963"></trkpt>
<trkpt lat="46.41266" lon="3.30799"></trkpt>
<trkpt lat="46.41267" lon="3.30793"></trkpt>
<trkpt lat="46.41296" lon="3.30656"></trkpt>
<trkpt lat="46.41321" lon="3.30554"></trkpt>
<trkpt lat="46.41328" lon="3.30524"></trkpt>
<trkpt lat="46.41343" lon="3.30455"></trkpt>
<trkpt lat="46.41356" lon="3.304"></trkpt>
<trkpt lat="46.41365" lon="3.30369"></trkpt>
<trkpt lat="46.41371" lon="3.30354"></trkpt>
<trkpt lat="46.41389" lon="3.30318"></trkpt>
<trkpt lat="46.41474" lon="3.30176"></trkpt>
<trkpt lat="46.41516" lon="3.30112"></trkpt>
<trkpt lat="46.41548" lon="3.30068"></trkpt>
<trkpt lat="46.41556" lon="3.3006"></trkpt>
<trkpt lat="46.41567" lon="3.30052"></trkpt>
<trkpt lat="46.41578" lon="3.30046"></trkpt>
<trkpt lat="46.41607" lon="3.30036"></trkpt>
<trkpt lat="46.41625" lon="3.30031"></trkpt>
<trkpt lat="46.41641" lon="3.30028"></trkpt>
<trkpt lat="46.41677" lon="3.30025"></trkpt>
<trkpt lat="46.41741" lon="3.30025"></trkpt>
<trkpt lat="46.41813" lon="3.30027"></trkpt>
<trkpt lat="46.41824" lon="3.30025"></trkpt>
<trkpt lat="46.41835" lon="3.30021"></trkpt>
<trkpt lat="46.41846" lon="3.30015"></trkpt>
<trkpt lat="46.41869" lon="3.29996"></trkpt>
<trkpt lat="46.41961" lon="3.2991"></trkpt>
<trkpt lat="46.42028" lon="3.29847"></trkpt>
<trkpt lat="46.42062" lon="3.2981"></trkpt>
<trkpt lat="46.42271" lon="3.29524"></trkpt>
<trkpt lat="46.42295" lon="3.295"></trkpt>
<trkpt lat="46.42317" lon="3.29484"></trkpt>
<trkpt lat="46.4233" lon="3.29476"></trkpt>
<trkpt lat="46.4235" lon="3.29466"></trkpt>
<trkpt lat="46.42431" lon="3.2943"></trkpt>
<trkpt lat="46.42452" lon="3.29419"></trkpt>
<trkpt lat="46.42461" lon="3.29412"></trkpt>
<trkpt lat="46.42475" lon="3.29396"></trkpt>
<trkpt lat="46.42481" lon="3.29386"></trkpt>
<trkpt lat="46.42499" lon="3.29343"></trkpt>
<trkpt lat="46.42508" lon="3.29316"></trkpt>
<trkpt lat="46.42512" lon="3.29299"></trkpt>
<trkpt lat="46.42518" lon="3.29264"></trkpt>
<trkpt lat="46.4252" lon="3.29244"></trkpt>
<trkpt lat="46.42527" lon="3.29106"></trkpt>
<trkpt lat="46.42527" lon="3.29089"></trkpt>
<trkpt lat="46.42524" lon="3.29055"></trkpt>
<trkpt lat="46.4252" lon="3.29027"></trkpt>
<trkpt lat="46.42491" lon="3.2891"></trkpt>
<trkpt lat="46.42484" lon="3.28873"></trkpt>
<trkpt lat="46.42481" lon="3.2884"></trkpt>
<trkpt lat="46.42479" lon="3.28764"></trkpt>
<trkpt lat="46.42481" lon="3.28734"></trkpt>
<trkpt lat="46.42483" lon="3.28721"></trkpt>
<trkpt lat="46.42487" lon="3.28706"></trkpt>
<trkpt lat="46.42507" lon="3.28647"></trkpt>
<trkpt lat="46.42518" lon="3.2863"></trkpt>
<trkpt lat="46.42523" lon="3.28626"></trkpt>
<trkpt lat="46.42542" lon="3.2862"></trkpt>
<trkpt lat="46.42632" lon="3.28605"></trkpt>
<trkpt lat="46.4266" lon="3.286"></trkpt>
<trkpt lat="46.42675" lon="3.28597"></trkpt>
<trkpt lat="46.42783" lon="3.28578"></trkpt>
<trkpt lat="46.42796" lon="3.28577"></trkpt>
<trkpt lat="46.42809" lon="3.28578"></trkpt>
<trkpt lat="46.42832" lon="3.28585"></trkpt>
<trkpt lat="46.42857" lon="3.28597"></trkpt>
<trkpt lat="46.42867" lon="3.28603"></trkpt>
<trkpt lat="46.42885" lon="3.28621"></trkpt>
<trkpt lat="46.42914" lon="3.28658"></trkpt>
<trkpt lat="46.42925" lon="3.28669"></trkpt>
<trkpt lat="46.42935" lon="3.28677"></trkpt>
<trkpt lat="46.42948" lon="3.28685"></trkpt>
<trkpt lat="46.42972" lon="3.28694"></trkpt>
<trkpt lat="46.43098" lon="3.28733"></trkpt>
<trkpt lat="46.43107" lon="3.28734"></trkpt>
<trkpt lat="46.43113" lon="3.28734"></trkpt>
<trkpt lat="46.43122" lon="3.28731"></trkpt>
<trkpt lat="46.4313" lon="3.28726"></trkpt>
<trkpt lat="46.43199" lon="3.28661"></trkpt>
<trkpt lat="46.43252" lon="3.28625"></trkpt>
<trkpt lat="46.43389" lon="3.28541"></trkpt>
<trkpt lat="46.43633" lon="3.28387"></trkpt>
<trkpt lat="46.4365" lon="3.28375"></trkpt>
<trkpt lat="46.43722" lon="3.28315"></trkpt>
<trkpt lat="46.44009" lon="3.28064"></trkpt>
<trkpt lat="46.44167" lon="3.27928"></trkpt>
<trkpt lat="46.44267" lon="3.27841"></trkpt>
<trkpt lat="46.44316" lon="3.278"></trkpt>
<trkpt lat="46.44344" lon="3.27779"></trkpt>
<trkpt lat="46.44372" lon="3.27761"></trkpt>
<trkpt lat="46.44573" lon="3.27642"></trkpt>
<trkpt lat="46.44609" lon="3.27619"></trkpt>
<trkpt lat="46.4464" lon="3.27596"></trkpt>
<trkpt lat="46.4467" lon="3.2757"></trkpt>
<trkpt lat="46.44738" lon="3.27503"></trkpt>
<trkpt lat="46.44766" lon="3.27478"></trkpt>
<trkpt lat="46.44795" lon="3.27459"></trkpt>
<trkpt lat="46.44874" lon="3.27423"></trkpt>
<trkpt lat="46.44937" lon="3.27397"></trkpt>
<trkpt lat="46.44947" lon="3.27394"></trkpt>
<trkpt lat="46.44971" lon="3.2739"></trkpt>
<trkpt lat="46.45002" lon="3.27391"></trkpt>
<trkpt lat="46.45089" lon="3.27408"></trkpt>
<trkpt lat="46.45118" lon="3.27413"></trkpt>
<trkpt lat="46.45168" lon="3.27422"></trkpt>
<trkpt lat="46.45205" lon="3.27432"></trkpt>
<trkpt lat="46.45226" lon="3.27439"></trkpt>
<trkpt lat="46.45342" lon="3.2748"></trkpt>
<trkpt lat="46.45368" lon="3.27493"></trkpt>
<trkpt lat="46.45394" lon="3.2751"></trkpt>
<trkpt lat="46.45419" lon="3.27532"></trkpt>
<trkpt lat="46.45494" lon="3.27609"></trkpt>
<trkpt lat="46.45519" lon="3.27633"></trkpt>
<trkpt lat="46.45531" lon="3.27642"></trkpt>
<trkpt lat="46.45542" lon="3.27648"></trkpt>
<trkpt lat="46.45567" lon="3.27655"></trkpt>
<trkpt lat="46.45577" lon="3.27655"></trkpt>
<trkpt lat="46.45587" lon="3.27653"></trkpt>
<trkpt lat="46.45598" lon="3.27649"></trkpt>
<trkpt lat="46.45608" lon="3.27643"></trkpt>
<trkpt lat="46.45619" lon="3.27635"></trkpt>
<trkpt lat="46.4563" lon="3.27625"></trkpt>
<trkpt lat="46.4564" lon="3.27613"></trkpt>
<trkpt lat="46.45766" lon="3.27432"></trkpt>
<trkpt lat="46.45804" lon="3.27381"></trkpt>
<trkpt lat="46.45825" lon="3.27359"></trkpt>
<trkpt lat="46.45864" lon="3.27322"></trkpt>
<trkpt lat="46.45904" lon="3.27285"></trkpt>
<trkpt lat="46.45917" lon="3.27273"></trkpt>
<trkpt lat="46.4595" lon="3.27237"></trkpt>
<trkpt lat="46.46024" lon="3.27144"></trkpt>
<trkpt lat="46.46071" lon="3.27092"></trkpt>
<trkpt lat="46.46142" lon="3.27017"></trkpt>
<trkpt lat="46.4619" lon="3.26957"></trkpt>
<trkpt lat="46.46226" lon="3.26911"></trkpt>
<trkpt lat="46.46289" lon="3.2683"></trkpt>
<trkpt lat="46.46304" lon="3.26803"></trkpt>
<trkpt lat="46.46336" lon="3.26723"></trkpt>
<trkpt lat="46.46345" lon="3.26706"></trkpt>
<trkpt lat="46.46368" lon="3.26672"></trkpt>
<trkpt lat="46.46387" lon="3.26648"></trkpt>
<trkpt lat="46.46397" lon="3.26637"></trkpt>
<trkpt lat="46.46407" lon="3.26629"></trkpt>
<trkpt lat="46.46429" lon="3.26616"></trkpt>
<trkpt lat="46.46471" lon="3.26595"></trkpt>
<trkpt lat="46.46582" lon="3.26542"></trkpt>
<trkpt lat="46.4662" lon="3.26526"></trkpt>
<trkpt lat="46.46633" lon="3.26522"></trkpt>
<trkpt lat="46.46651" lon="3.2652"></trkpt>
<trkpt lat="46.46675" lon="3.26516"></trkpt>
<trkpt lat="46.46764" lon="3.26494"></trkpt>
<trkpt lat="46.46804" lon="3.26481"></trkpt>
<trkpt lat="46.46833" lon="3.26474"></trkpt>
<trkpt lat="46.46861" lon="3.26471"></trkpt>
<trkpt lat="46.46912" lon="3.2647"></trkpt>
<trkpt lat="46.46929" lon="3.26469"></trkpt>
<trkpt lat="46.46934" lon="3.26467"></trkpt>
<trkpt lat="46.46938" lon="3.26463"></trkpt>
<trkpt lat="46.4694" lon="3.26458"></trkpt>
<trkpt lat="46.46941" lon="3.26449"></trkpt>
<trkpt lat="46.46943" lon="3.26398"></trkpt>
<trkpt lat="46.46947" lon="3.26349"></trkpt>
<trkpt lat="46.4695" lon="3.26315"></trkpt>
<trkpt lat="46.46954" lon="3.26293"></trkpt>
<trkpt lat="46.46975" lon="3.26225"></trkpt>
<trkpt lat="46.46985" lon="3.262"></trkpt>
<trkpt lat="46.46984" lon="3.26259"></trkpt>
<trkpt lat="46.46985" lon="3.2628"></trkpt>
<trkpt lat="46.4699" lon="3.26306"></trkpt>
<trkpt lat="46.46994" lon="3.26322"></trkpt>
<trkpt lat="46.47024" lon="3.26328"></trkpt>
<trkpt lat="46.47051" lon="3.26332"></trkpt>
<trkpt lat="46.47078" lon="3.26337"></trkpt>
<trkpt lat="46.47102" lon="3.26341"></trkpt>
<trkpt lat="46.47165" lon="3.26349"></trkpt>
<trkpt lat="46.4719" lon="3.26352"></trkpt>
<trkpt lat="46.4724" lon="3.26358"></trkpt>
<trkpt lat="46.47306" lon="3.26364"></trkpt>
<trkpt lat="46.47328" lon="3.26363"></trkpt>
<trkpt lat="46.47342" lon="3.2636"></trkpt>
<trkpt lat="46.47374" lon="3.2635"></trkpt>
<trkpt lat="46.47404" lon="3.26336"></trkpt>
<trkpt lat="46.47418" lon="3.26328"></trkpt>
<trkpt lat="46.4748" lon="3.26287"></trkpt>
<trkpt lat="46.47786" lon="3.26077"></trkpt>
<trkpt lat="46.4825" lon="3.25761"></trkpt>
<trkpt lat="46.48407" lon="3.25654"></trkpt>
<trkpt lat="46.48407" lon="3.25654"></trkpt>
<trkpt lat="46.48692" lon="3.2546"></trkpt>
<trkpt lat="46.48772" lon="3.25405"></trkpt>
<trkpt lat="46.48962" lon="3.25275"></trkpt>
<trkpt lat="46.48972" lon="3.25268"></trkpt>
<trkpt lat="46.49398" lon="3.24979"></trkpt>
<trkpt lat="46.49999" lon="3.24572"></trkpt>
<trkpt lat="46.50362" lon="3.24328"></trkpt>
<trkpt lat="46.50396" lon="3.24302"></trkpt>
<trkpt lat="46.50412" lon="3.24288"></trkpt>
<trkpt lat="46.50442" lon="3.24257"></trkpt>
<trkpt lat="46.5046" lon="3.24236"></trkpt>
<trkpt lat="46.51235" lon="3.2327"></trkpt>
<trkpt lat="46.5126" lon="3.23236"></trkpt>
<trkpt lat="46.51283" lon="3.23199"></trkpt>
<trkpt lat="46.51296" lon="3.23166"></trkpt>
<trkpt lat="46.51324" lon="3.23084"></trkpt>
<trkpt lat="46.51353" lon="3.22997"></trkpt>
<trkpt lat="46.51403" lon="3.22851"></trkpt>
<trkpt lat="46.51432" lon="3.22767"></trkpt>
<trkpt lat="46.5145" lon="3.22727"></trkpt>
<trkpt lat="46.51463" lon="3.22704"></trkpt>
<trkpt lat="46.51475" lon="3.22685"></trkpt>
<trkpt lat="46.51513" lon="3.22632"></trkpt>
<trkpt lat="46.51612" lon="3.22498"></trkpt>
<trkpt lat="46.51622" lon="3.22485"></trkpt>
<trkpt lat="46.51675" lon="3.22413"></trkpt>
<trkpt lat="46.52032" lon="3.21926"></trkpt>
<trkpt lat="46.52053" lon="3.21899"></trkpt>
<trkpt lat="46.52072" lon="3.21876"></trkpt>
<trkpt lat="46.52092" lon="3.21857"></trkpt>
<trkpt lat="46.52106" lon="3.21847"></trkpt>
<trkpt lat="46.52123" lon="3.21838"></trkpt>
<trkpt lat="46.52165" lon="3.21821"></trkpt>
<trkpt lat="46.52333" lon="3.21761"></trkpt>
<trkpt lat="46.52524" lon="3.21691"></trkpt>
<trkpt lat="46.5254" lon="3.21684"></trkpt>
<trkpt lat="46.52568" lon="3.21667"></trkpt>
<trkpt lat="46.52592" lon="3.21647"></trkpt>
<trkpt lat="46.52615" lon="3.21618"></trkpt>
<trkpt lat="46.52634" lon="3.21586"></trkpt>
<trkpt lat="46.52654" lon="3.2154"></trkpt>
<trkpt lat="46.52719" lon="3.21373"></trkpt>
<trkpt lat="46.52896" lon="3.2092"></trkpt>
<trkpt lat="46.52913" lon="3.20871"></trkpt>
<trkpt lat="46.52924" lon="3.20823"></trkpt>
<trkpt lat="46.52936" lon="3.20756"></trkpt>
<trkpt lat="46.53014" lon="3.20297"></trkpt>
<trkpt lat="46.5303" lon="3.20227"></trkpt>
<trkpt lat="46.53045" lon="3.20175"></trkpt>
<trkpt lat="46.53126" lon="3.19911"></trkpt>
<trkpt lat="46.53148" lon="3.19836"></trkpt>
<trkpt lat="46.53163" lon="3.19796"></trkpt>
<trkpt lat="46.5318" lon="3.19763"></trkpt>
<trkpt lat="46.53203" lon="3.19734"></trkpt>
<trkpt lat="46.53244" lon="3.19702"></trkpt>
<trkpt lat="46.53316" lon="3.19648"></trkpt>
<trkpt lat="46.53327" lon="3.19639"></trkpt>
<trkpt lat="46.5334" lon="3.19629"></trkpt>
<trkpt lat="46.53349" lon="3.19624"></trkpt>
<trkpt lat="46.53373" lon="3.19609"></trkpt>
<trkpt lat="46.53416" lon="3.19577"></trkpt>
<trkpt lat="46.53421" lon="3.19574"></trkpt>
<trkpt lat="46.53431" lon="3.19567"></trkpt>
<trkpt lat="46.53421" lon="3.19529"></trkpt>
<trkpt lat="46.53383" lon="3.19382"></trkpt>
<trkpt lat="46.53368" lon="3.19325"></trkpt>
<trkpt lat="46.53365" lon="3.19313"></trkpt>
<trkpt lat="46.53347" lon="3.19235"></trkpt>
<trkpt lat="46.53386" lon="3.19249"></trkpt>
<trkpt lat="46.53398" lon="3.19253"></trkpt>
<trkpt lat="46.53409" lon="3.19255"></trkpt>
<trkpt lat="46.5342" lon="3.19256"></trkpt>
<trkpt lat="46.53459" lon="3.19256"></trkpt>
<trkpt lat="46.53478" lon="3.19258"></trkpt>
<trkpt lat="46.53511" lon="3.19241"></trkpt>
<trkpt lat="46.53547" lon="3.19223"></trkpt>
<trkpt lat="46.5356" lon="3.19213"></trkpt>
<trkpt lat="46.53582" lon="3.19178"></trkpt>
<trkpt lat="46.53598" lon="3.19137"></trkpt>
<trkpt lat="46.53611" lon="3.19115"></trkpt>
<trkpt lat="46.53623" lon="3.191"></trkpt>
<trkpt lat="46.53635" lon="3.19092"></trkpt>
<trkpt lat="46.53644" lon="3.19084"></trkpt>
<trkpt lat="46.53676" lon="3.19063"></trkpt>
<trkpt lat="46.53688" lon="3.19059"></trkpt>
<trkpt lat="46.5371" lon="3.19044"></trkpt>
<trkpt lat="46.53724" lon="3.19036"></trkpt>
<trkpt lat="46.53728" lon="3.19024"></trkpt>
<trkpt lat="46.53734" lon="3.19012"></trkpt>
<trkpt lat="46.53768" lon="3.18964"></trkpt>
<trkpt lat="46.53788" lon="3.18935"></trkpt>
<trkpt lat="46.5383" lon="3.18874"></trkpt>
<trkpt lat="46.53839" lon="3.18862"></trkpt>
<trkpt lat="46.53858" lon="3.18834"></trkpt>
<trkpt lat="46.53882" lon="3.188"></trkpt>
<trkpt lat="46.53936" lon="3.18719"></trkpt>
<trkpt lat="46.53968" lon="3.18676"></trkpt>
<trkpt lat="46.53998" lon="3.18641"></trkpt>
<trkpt lat="46.54014" lon="3.18624"></trkpt>
<trkpt lat="46.54032" lon="3.18608"></trkpt>
<trkpt lat="46.5406" lon="3.18586"></trkpt>
<trkpt lat="46.54129" lon="3.1853"></trkpt>
<trkpt lat="46.54162" lon="3.18505"></trkpt>
<trkpt lat="46.54192" lon="3.18484"></trkpt>
<trkpt lat="46.54222" lon="3.18467"></trkpt>
<trkpt lat="46.54316" lon="3.18431"></trkpt>
<trkpt lat="46.54451" lon="3.1838"></trkpt>
<trkpt lat="46.54486" lon="3.18368"></trkpt>
<trkpt lat="46.54505" lon="3.18363"></trkpt>
<trkpt lat="46.54522" lon="3.1836"></trkpt>
<trkpt lat="46.54538" lon="3.18358"></trkpt>
<trkpt lat="46.54551" lon="3.18358"></trkpt>
<trkpt lat="46.54613" lon="3.18357"></trkpt>
<trkpt lat="46.54665" lon="3.18355"></trkpt>
<trkpt lat="46.54707" lon="3.18356"></trkpt>
<trkpt lat="46.54907" lon="3.18371"></trkpt>
<trkpt lat="46.55193" lon="3.18397"></trkpt>
<trkpt lat="46.55209" lon="3.18397"></trkpt>
<trkpt lat="46.55243" lon="3.18392"></trkpt>
<trkpt lat="46.55274" lon="3.18384"></trkpt>
<trkpt lat="46.55486" lon="3.18319"></trkpt>
<trkpt lat="46.55503" lon="3.18313"></trkpt>
<trkpt lat="46.55518" lon="3.18306"></trkpt>
<trkpt lat="46.55544" lon="3.18289"></trkpt>
<trkpt lat="46.55587" lon="3.18256"></trkpt>
<trkpt lat="46.557" lon="3.18164"></trkpt>
<trkpt lat="46.55974" lon="3.17943"></trkpt>
<trkpt lat="46.56109" lon="3.17832"></trkpt>
<trkpt lat="46.56141" lon="3.17809"></trkpt>
<trkpt lat="46.56156" lon="3.178"></trkpt>
<trkpt lat="46.56193" lon="3.17781"></trkpt>
<trkpt lat="46.56248" lon="3.17758"></trkpt>
<trkpt lat="46.56392" lon="3.17695"></trkpt>
<trkpt lat="46.56595" lon="3.17604"></trkpt>
<trkpt lat="46.56725" lon="3.17546"></trkpt>
<trkpt lat="46.56747" lon="3.17536"></trkpt>
<trkpt lat="46.56758" lon="3.1753"></trkpt>
<trkpt lat="46.56766" lon="3.17524"></trkpt>
<trkpt lat="46.56778" lon="3.17512"></trkpt>
<trkpt lat="46.56792" lon="3.17495"></trkpt>
<trkpt lat="46.56859" lon="3.17398"></trkpt>
<trkpt lat="46.569" lon="3.1734"></trkpt>
<trkpt lat="46.56928" lon="3.17305"></trkpt>
<trkpt lat="46.5697" lon="3.17256"></trkpt>
<trkpt lat="46.57003" lon="3.17221"></trkpt>
<trkpt lat="46.57018" lon="3.17208"></trkpt>
<trkpt lat="46.57036" lon="3.17195"></trkpt>
<trkpt lat="46.57067" lon="3.17175"></trkpt>
<trkpt lat="46.57228" lon="3.17071"></trkpt>
<trkpt lat="46.57334" lon="3.17001"></trkpt>
<trkpt lat="46.5739" lon="3.16961"></trkpt>
<trkpt lat="46.57569" lon="3.16807"></trkpt>
<trkpt lat="46.5772" lon="3.1668"></trkpt>
<trkpt lat="46.58118" lon="3.16339"></trkpt>
<trkpt lat="46.58244" lon="3.16231"></trkpt>
<trkpt lat="46.58273" lon="3.16206"></trkpt>
<trkpt lat="46.58318" lon="3.16167"></trkpt>
<trkpt lat="46.58344" lon="3.16148"></trkpt>
<trkpt lat="46.58345" lon="3.16152"></trkpt>
<trkpt lat="46.58347" lon="3.16154"></trkpt>
<trkpt lat="46.5835" lon="3.16155"></trkpt>
<trkpt lat="46.58353" lon="3.16154"></trkpt>
<trkpt lat="46.58355" lon="3.16151"></trkpt>
<trkpt lat="46.58356" lon="3.16146"></trkpt>
<trkpt lat="46.58355" lon="3.16141"></trkpt>
<trkpt lat="46.58353" lon="3.16138"></trkpt>
<trkpt lat="46.58367" lon="3.16099"></trkpt>
<trkpt lat="46.5847" lon="3.16186"></trkpt>
<trkpt lat="46.58587" lon="3.16284"></trkpt>
<trkpt lat="46.58605" lon="3.16297"></trkpt>
<trkpt lat="46.58626" lon="3.16307"></trkpt>
<trkpt lat="46.58635" lon="3.16309"></trkpt>
<trkpt lat="46.58645" lon="3.16309"></trkpt>
<trkpt lat="46.58656" lon="3.16307"></trkpt>
<trkpt lat="46.58709" lon="3.16288"></trkpt>
<trkpt lat="46.58735" lon="3.16281"></trkpt>
<trkpt lat="46.58765" lon="3.16276"></trkpt>
<trkpt lat="46.58784" lon="3.16279"></trkpt>
<trkpt lat="46.58794" lon="3.16283"></trkpt>
<trkpt lat="46.58833" lon="3.16303"></trkpt>
<trkpt lat="46.58842" lon="3.16309"></trkpt>
<trkpt lat="46.58855" lon="3.16319"></trkpt>
<trkpt lat="46.58864" lon="3.1633"></trkpt>
<trkpt lat="46.58877" lon="3.16352"></trkpt>
<trkpt lat="46.58884" lon="3.16367"></trkpt>
<trkpt lat="46.58899" lon="3.16393"></trkpt>
<trkpt lat="46.58909" lon="3.16406"></trkpt>
<trkpt lat="46.58919" lon="3.16415"></trkpt>
<trkpt lat="46.58931" lon="3.16423"></trkpt>
<trkpt lat="46.5896" lon="3.16436"></trkpt>
<trkpt lat="46.59024" lon="3.16465"></trkpt>
<trkpt lat="46.59048" lon="3.16473"></trkpt>
<trkpt lat="46.59055" lon="3.16473"></trkpt>
<trkpt lat="46.59063" lon="3.1647"></trkpt>
<trkpt lat="46.59071" lon="3.16464"></trkpt>
<trkpt lat="46.59178" lon="3.16348"></trkpt>
<trkpt lat="46.59189" lon="3.16338"></trkpt>
<trkpt lat="46.59199" lon="3.1633"></trkpt>
<trkpt lat="46.59209" lon="3.16324"></trkpt>
<trkpt lat="46.59217" lon="3.16321"></trkpt>
<trkpt lat="46.59229" lon="3.16319"></trkpt>
<trkpt lat="46.59305" lon="3.1633"></trkpt>
<trkpt lat="46.59325" lon="3.16338"></trkpt>
<trkpt lat="46.59349" lon="3.16351"></trkpt>
<trkpt lat="46.59373" lon="3.16361"></trkpt>
<trkpt lat="46.59402" lon="3.16369"></trkpt>
<trkpt lat="46.5944" lon="3.16376"></trkpt>
<trkpt lat="46.59527" lon="3.16381"></trkpt>
<trkpt lat="46.59546" lon="3.16384"></trkpt>
<trkpt lat="46.59563" lon="3.16388"></trkpt>
<trkpt lat="46.5963" lon="3.16415"></trkpt>
<trkpt lat="46.5965" lon="3.16421"></trkpt>
<trkpt lat="46.59669" lon="3.16425"></trkpt>
<trkpt lat="46.59702" lon="3.16428"></trkpt>
<trkpt lat="46.59717" lon="3.16427"></trkpt>
<trkpt lat="46.59748" lon="3.16417"></trkpt>
<trkpt lat="46.59859" lon="3.16368"></trkpt>
<trkpt lat="46.59974" lon="3.16317"></trkpt>
<trkpt lat="46.59985" lon="3.16314"></trkpt>
<trkpt lat="46.59994" lon="3.16313"></trkpt>
<trkpt lat="46.60008" lon="3.16314"></trkpt>
<trkpt lat="46.60014" lon="3.16316"></trkpt>
<trkpt lat="46.6002" lon="3.1632"></trkpt>
<trkpt lat="46.60033" lon="3.16332"></trkpt>
<trkpt lat="46.60043" lon="3.16343"></trkpt>
<trkpt lat="46.60051" lon="3.1635"></trkpt>
<trkpt lat="46.60058" lon="3.16354"></trkpt>
<trkpt lat="46.60065" lon="3.16356"></trkpt>
<trkpt lat="46.60073" lon="3.16355"></trkpt>
<trkpt lat="46.60081" lon="3.16351"></trkpt>
<trkpt lat="46.60088" lon="3.16345"></trkpt>
<trkpt lat="46.60094" lon="3.16337"></trkpt>
<trkpt lat="46.60101" lon="3.16325"></trkpt>
<trkpt lat="46.60127" lon="3.16269"></trkpt>
<trkpt lat="46.60174" lon="3.16181"></trkpt>
<trkpt lat="46.60197" lon="3.16139"></trkpt>
<trkpt lat="46.60216" lon="3.16104"></trkpt>
<trkpt lat="46.60247" lon="3.16047"></trkpt>
<trkpt lat="46.60298" lon="3.15953"></trkpt>
<trkpt lat="46.60342" lon="3.15873"></trkpt>
<trkpt lat="46.60351" lon="3.15858"></trkpt>
<trkpt lat="46.60362" lon="3.15844"></trkpt>
<trkpt lat="46.60376" lon="3.15843"></trkpt>
<trkpt lat="46.60393" lon="3.15844"></trkpt>
<trkpt lat="46.60438" lon="3.15851"></trkpt>
<trkpt lat="46.60483" lon="3.15854"></trkpt>
<trkpt lat="46.6051" lon="3.15856"></trkpt>
<trkpt lat="46.60531" lon="3.15857"></trkpt>
<trkpt lat="46.60581" lon="3.15859"></trkpt>
<trkpt lat="46.60579" lon="3.1584"></trkpt>
<trkpt lat="46.60578" lon="3.15816"></trkpt>
<trkpt lat="46.60573" lon="3.15768"></trkpt>
<trkpt lat="46.60567" lon="3.15737"></trkpt>
<trkpt lat="46.60563" lon="3.15711"></trkpt>
<trkpt lat="46.6056" lon="3.15683"></trkpt>
<trkpt lat="46.60557" lon="3.15645"></trkpt>
<trkpt lat="46.60555" lon="3.15623"></trkpt>
<trkpt lat="46.60553" lon="3.15581"></trkpt>
<trkpt lat="46.60556" lon="3.15547"></trkpt>
<trkpt lat="46.60562" lon="3.15522"></trkpt>
<trkpt lat="46.60573" lon="3.15492"></trkpt>
<trkpt lat="46.60602" lon="3.1543"></trkpt>
<trkpt lat="46.60607" lon="3.15414"></trkpt>
<trkpt lat="46.60612" lon="3.15385"></trkpt>
<trkpt lat="46.60614" lon="3.1535"></trkpt>
<trkpt lat="46.6062" lon="3.15326"></trkpt>
<trkpt lat="46.60628" lon="3.15308"></trkpt>
<trkpt lat="46.60634" lon="3.153"></trkpt>
<trkpt lat="46.60696" lon="3.15244"></trkpt>
<trkpt lat="46.60819" lon="3.15138"></trkpt>
<trkpt lat="46.60837" lon="3.15122"></trkpt>
<trkpt lat="46.60861" lon="3.15098"></trkpt>
<trkpt lat="46.60871" lon="3.15084"></trkpt>
<trkpt lat="46.60879" lon="3.15069"></trkpt>
<trkpt lat="46.60887" lon="3.1505"></trkpt>
<trkpt lat="46.609" lon="3.15012"></trkpt>
<trkpt lat="46.60914" lon="3.14961"></trkpt>
<trkpt lat="46.60936" lon="3.14882"></trkpt>
<trkpt lat="46.60939" lon="3.1487"></trkpt>
<trkpt lat="46.60949" lon="3.14834"></trkpt>
<trkpt lat="46.61044" lon="3.14492"></trkpt>
<trkpt lat="46.61061" lon="3.14448"></trkpt>
<trkpt lat="46.61112" lon="3.14347"></trkpt>
<trkpt lat="46.61172" lon="3.14234"></trkpt>
<trkpt lat="46.61203" lon="3.14168"></trkpt>
<trkpt lat="46.61224" lon="3.14107"></trkpt>
<trkpt lat="46.61289" lon="3.13875"></trkpt>
<trkpt lat="46.61314" lon="3.13781"></trkpt>
<trkpt lat="46.61319" lon="3.13748"></trkpt>
<trkpt lat="46.6132" lon="3.13718"></trkpt>
<trkpt lat="46.61317" lon="3.13673"></trkpt>
<trkpt lat="46.61312" lon="3.13626"></trkpt>
<trkpt lat="46.61308" lon="3.13571"></trkpt>
<trkpt lat="46.61307" lon="3.1352"></trkpt>
<trkpt lat="46.6131" lon="3.13469"></trkpt>
<trkpt lat="46.61313" lon="3.13444"></trkpt>
<trkpt lat="46.61322" lon="3.13391"></trkpt>
<trkpt lat="46.61328" lon="3.13368"></trkpt>
<trkpt lat="46.61336" lon="3.13345"></trkpt>
<trkpt lat="46.61356" lon="3.13297"></trkpt>
<trkpt lat="46.61397" lon="3.13214"></trkpt>
<trkpt lat="46.6142" lon="3.13172"></trkpt>
<trkpt lat="46.61584" lon="3.12905"></trkpt>
<trkpt lat="46.61665" lon="3.12775"></trkpt>
<trkpt lat="46.61691" lon="3.12744"></trkpt>
<trkpt lat="46.61705" lon="3.1273"></trkpt>
<trkpt lat="46.61732" lon="3.12709"></trkpt>
<trkpt lat="46.61773" lon="3.12682"></trkpt>
<trkpt lat="46.62038" lon="3.12511"></trkpt>
<trkpt lat="46.62076" lon="3.12486"></trkpt>
<trkpt lat="46.62181" lon="3.12417"></trkpt>
<trkpt lat="46.62214" lon="3.12395"></trkpt>
<trkpt lat="46.6225" lon="3.12368"></trkpt>
<trkpt lat="46.62431" lon="3.12451"></trkpt>
<trkpt lat="46.62547" lon="3.12499"></trkpt>
<trkpt lat="46.62572" lon="3.12508"></trkpt>
<trkpt lat="46.62614" lon="3.12522"></trkpt>
<trkpt lat="46.62633" lon="3.12527"></trkpt>
<trkpt lat="46.62669" lon="3.12533"></trkpt>
<trkpt lat="46.62723" lon="3.12538"></trkpt>
<trkpt lat="46.62798" lon="3.12547"></trkpt>
<trkpt lat="46.62813" lon="3.12548"></trkpt>
<trkpt lat="46.6283" lon="3.12547"></trkpt>
<trkpt lat="46.62862" lon="3.12541"></trkpt>
<trkpt lat="46.62875" lon="3.12536"></trkpt>
<trkpt lat="46.62915" lon="3.12513"></trkpt>
<trkpt lat="46.62932" lon="3.12505"></trkpt>
<trkpt lat="46.62946" lon="3.125"></trkpt>
<trkpt lat="46.6296" lon="3.12497"></trkpt>
<trkpt lat="46.62978" lon="3.12496"></trkpt>
<trkpt lat="46.6311" lon="3.12495"></trkpt>
<trkpt lat="46.63148" lon="3.12496"></trkpt>
<trkpt lat="46.63324" lon="3.12516"></trkpt>
<trkpt lat="46.63346" lon="3.12519"></trkpt>
<trkpt lat="46.63429" lon="3.12536"></trkpt>
<trkpt lat="46.63478" lon="3.12543"></trkpt>
<trkpt lat="46.63547" lon="3.12554"></trkpt>
<trkpt lat="46.6359" lon="3.12561"></trkpt>
<trkpt lat="46.63605" lon="3.12562"></trkpt>
<trkpt lat="46.6362" lon="3.1256"></trkpt>
<trkpt lat="46.63636" lon="3.12555"></trkpt>
<trkpt lat="46.63648" lon="3.12548"></trkpt>
<trkpt lat="46.63648" lon="3.12548"></trkpt>
<trkpt lat="46.63651" lon="3.12546"></trkpt>
<trkpt lat="46.63678" lon="3.12527"></trkpt>
<trkpt lat="46.63689" lon="3.12521"></trkpt>
<trkpt lat="46.63698" lon="3.12517"></trkpt>
<trkpt lat="46.6371" lon="3.12514"></trkpt>
<trkpt lat="46.63726" lon="3.12513"></trkpt>
<trkpt lat="46.6376" lon="3.12515"></trkpt>
<trkpt lat="46.6382" lon="3.12524"></trkpt>
<trkpt lat="46.63855" lon="3.12533"></trkpt>
<trkpt lat="46.63873" lon="3.12539"></trkpt>
<trkpt lat="46.63893" lon="3.12547"></trkpt>
<trkpt lat="46.63941" lon="3.1257"></trkpt>
<trkpt lat="46.63952" lon="3.12574"></trkpt>
<trkpt lat="46.63962" lon="3.12576"></trkpt>
<trkpt lat="46.63973" lon="3.12576"></trkpt>
<trkpt lat="46.63984" lon="3.12573"></trkpt>
<trkpt lat="46.63994" lon="3.12568"></trkpt>
<trkpt lat="46.64011" lon="3.12554"></trkpt>
<trkpt lat="46.64018" lon="3.12546"></trkpt>
<trkpt lat="46.64025" lon="3.12535"></trkpt>
<trkpt lat="46.64035" lon="3.1251"></trkpt>
<trkpt lat="46.64038" lon="3.12498"></trkpt>
<trkpt lat="46.6404" lon="3.12482"></trkpt>
<trkpt lat="46.64037" lon="3.12427"></trkpt>
<trkpt lat="46.64038" lon="3.12403"></trkpt>
<trkpt lat="46.64041" lon="3.12393"></trkpt>
<trkpt lat="46.64053" lon="3.1237"></trkpt>
<trkpt lat="46.641" lon="3.12311"></trkpt>
<trkpt lat="46.64126" lon="3.12285"></trkpt>
<trkpt lat="46.6415" lon="3.12267"></trkpt>
<trkpt lat="46.64166" lon="3.12257"></trkpt>
<trkpt lat="46.64246" lon="3.12215"></trkpt>
<trkpt lat="46.64376" lon="3.12144"></trkpt>
<trkpt lat="46.64411" lon="3.12127"></trkpt>
<trkpt lat="46.6443" lon="3.1212"></trkpt>
<trkpt lat="46.64454" lon="3.12113"></trkpt>
<trkpt lat="46.64522" lon="3.12098"></trkpt>
<trkpt lat="46.64537" lon="3.12096"></trkpt>
<trkpt lat="46.64548" lon="3.12096"></trkpt>
<trkpt lat="46.6456" lon="3.12099"></trkpt>
<trkpt lat="46.6457" lon="3.12104"></trkpt>
<trkpt lat="46.64583" lon="3.12112"></trkpt>
<trkpt lat="46.64652" lon="3.12163"></trkpt>
<trkpt lat="46.64684" lon="3.12184"></trkpt>
<trkpt lat="46.647" lon="3.1219"></trkpt>
<trkpt lat="46.64715" lon="3.12193"></trkpt>
<trkpt lat="46.64747" lon="3.12196"></trkpt>
<trkpt lat="46.64781" lon="3.12193"></trkpt>
<trkpt lat="46.64796" lon="3.1219"></trkpt>
<trkpt lat="46.64889" lon="3.12161"></trkpt>
<trkpt lat="46.64961" lon="3.12138"></trkpt>
<trkpt lat="46.64995" lon="3.1213"></trkpt>
<trkpt lat="46.65037" lon="3.12129"></trkpt>
<trkpt lat="46.65259" lon="3.12141"></trkpt>
<trkpt lat="46.6528" lon="3.12144"></trkpt>
<trkpt lat="46.6532" lon="3.12153"></trkpt>
<trkpt lat="46.65448" lon="3.12195"></trkpt>
<trkpt lat="46.65486" lon="3.12211"></trkpt>
<trkpt lat="46.65561" lon="3.12249"></trkpt>
<trkpt lat="46.656" lon="3.12269"></trkpt>
<trkpt lat="46.6561" lon="3.12264"></trkpt>
<trkpt lat="46.65641" lon="3.12253"></trkpt>
<trkpt lat="46.65675" lon="3.12239"></trkpt>
<trkpt lat="46.65694" lon="3.12231"></trkpt>
<trkpt lat="46.65735" lon="3.12215"></trkpt>
<trkpt lat="46.65754" lon="3.12205"></trkpt>
<trkpt lat="46.65764" lon="3.12198"></trkpt>
<trkpt lat="46.65773" lon="3.12188"></trkpt>
<trkpt lat="46.6578" lon="3.12177"></trkpt>
<trkpt lat="46.65797" lon="3.12184"></trkpt>
<trkpt lat="46.65817" lon="3.12194"></trkpt>
<trkpt lat="46.65827" lon="3.12198"></trkpt>
<trkpt lat="46.65836" lon="3.122"></trkpt>
<trkpt lat="46.65844" lon="3.122"></trkpt>
<trkpt lat="46.65854" lon="3.12198"></trkpt>
<trkpt lat="46.65965" lon="3.12152"></trkpt>
<trkpt lat="46.66" lon="3.12138"></trkpt>
<trkpt lat="46.66016" lon="3.12133"></trkpt>
<trkpt lat="46.66037" lon="3.12129"></trkpt>
<trkpt lat="46.66182" lon="3.12118"></trkpt>
<trkpt lat="46.66202" lon="3.12117"></trkpt>
<trkpt lat="46.66234" lon="3.12119"></trkpt>
<trkpt lat="46.66281" lon="3.12128"></trkpt>
<trkpt lat="46.66327" lon="3.12134"></trkpt>
<trkpt lat="46.66351" lon="3.12142"></trkpt>
<trkpt lat="46.66364" lon="3.1215"></trkpt>
<trkpt lat="46.66397" lon="3.12176"></trkpt>
<trkpt lat="46.66412" lon="3.12184"></trkpt>
<trkpt lat="46.66427" lon="3.12188"></trkpt>
<trkpt lat="46.66519" lon="3.12203"></trkpt>
<trkpt lat="46.66556" lon="3.12206"></trkpt>
<trkpt lat="46.66571" lon="3.12206"></trkpt>
<trkpt lat="46.66639" lon="3.12208"></trkpt>
<trkpt lat="46.66666" lon="3.12207"></trkpt>
<trkpt lat="46.66678" lon="3.12205"></trkpt>
<trkpt lat="46.6669" lon="3.12201"></trkpt>
<trkpt lat="46.66716" lon="3.12188"></trkpt>
<trkpt lat="46.66754" lon="3.12164"></trkpt>
<trkpt lat="46.66782" lon="3.12139"></trkpt>
<trkpt lat="46.66806" lon="3.12109"></trkpt>
<trkpt lat="46.66814" lon="3.12101"></trkpt>
<trkpt lat="46.66825" lon="3.12094"></trkpt>
<trkpt lat="46.66834" lon="3.1209"></trkpt>
<trkpt lat="46.66849" lon="3.12086"></trkpt>
<trkpt lat="46.6688" lon="3.1208"></trkpt>
<trkpt lat="46.66931" lon="3.12069"></trkpt>
<trkpt lat="46.66969" lon="3.12061"></trkpt>
<trkpt lat="46.6701" lon="3.12056"></trkpt>
<trkpt lat="46.67023" lon="3.12057"></trkpt>
<trkpt lat="46.67049" lon="3.12064"></trkpt>
<trkpt lat="46.67079" lon="3.12078"></trkpt>
<trkpt lat="46.67182" lon="3.12132"></trkpt>
<trkpt lat="46.67216" lon="3.12152"></trkpt>
<trkpt lat="46.67251" lon="3.12179"></trkpt>
<trkpt lat="46.67298" lon="3.12224"></trkpt>
<trkpt lat="46.67386" lon="3.12312"></trkpt>
<trkpt lat="46.67406" lon="3.12329"></trkpt>
<trkpt lat="46.67414" lon="3.12334"></trkpt>
<trkpt lat="46.67421" lon="3.12336"></trkpt>
<trkpt lat="46.67427" lon="3.12336"></trkpt>
<trkpt lat="46.67432" lon="3.12335"></trkpt>
<trkpt lat="46.67439" lon="3.12331"></trkpt>
<trkpt lat="46.67445" lon="3.12325"></trkpt>
<trkpt lat="46.67451" lon="3.12316"></trkpt>
<trkpt lat="46.67455" lon="3.12306"></trkpt>
<trkpt lat="46.6746" lon="3.12291"></trkpt>
<trkpt lat="46.67493" lon="3.12157"></trkpt>
<trkpt lat="46.67519" lon="3.12053"></trkpt>
<trkpt lat="46.67544" lon="3.11981"></trkpt>
<trkpt lat="46.67598" lon="3.11848"></trkpt>
<trkpt lat="46.67618" lon="3.11806"></trkpt>
<trkpt lat="46.67639" lon="3.11768"></trkpt>
<trkpt lat="46.67757" lon="3.11566"></trkpt>
<trkpt lat="46.67787" lon="3.11519"></trkpt>
<trkpt lat="46.67802" lon="3.11499"></trkpt>
<trkpt lat="46.67855" lon="3.11435"></trkpt>
<trkpt lat="46.67961" lon="3.11313"></trkpt>
<trkpt lat="46.67968" lon="3.11301"></trkpt>
<trkpt lat="46.67975" lon="3.11285"></trkpt>
<trkpt lat="46.68028" lon="3.11126"></trkpt>
<trkpt lat="46.68046" lon="3.11088"></trkpt>
<trkpt lat="46.6809" lon="3.11008"></trkpt>
<trkpt lat="46.68095" lon="3.10997"></trkpt>
<trkpt lat="46.68103" lon="3.10976"></trkpt>
<trkpt lat="46.68107" lon="3.10961"></trkpt>
<trkpt lat="46.68117" lon="3.10908"></trkpt>
<trkpt lat="46.68124" lon="3.1083"></trkpt>
<trkpt lat="46.68127" lon="3.10811"></trkpt>
<trkpt lat="46.68174" lon="3.10605"></trkpt>
<trkpt lat="46.68203" lon="3.10481"></trkpt>
<trkpt lat="46.68212" lon="3.1045"></trkpt>
<trkpt lat="46.68216" lon="3.10441"></trkpt>
<trkpt lat="46.68229" lon="3.10428"></trkpt>
<trkpt lat="46.68236" lon="3.10424"></trkpt>
<trkpt lat="46.68252" lon="3.1042"></trkpt>
<trkpt lat="46.68262" lon="3.10419"></trkpt>
<trkpt lat="46.68338" lon="3.1042"></trkpt>
<trkpt lat="46.68349" lon="3.10421"></trkpt>
<trkpt lat="46.68356" lon="3.10424"></trkpt>
<trkpt lat="46.68362" lon="3.10429"></trkpt>
<trkpt lat="46.68368" lon="3.10384"></trkpt>
<trkpt lat="46.68371" lon="3.10289"></trkpt>
<trkpt lat="46.68378" lon="3.1022"></trkpt>
<trkpt lat="46.68388" lon="3.10135"></trkpt>
<trkpt lat="46.68395" lon="3.10082"></trkpt>
<trkpt lat="46.68396" lon="3.10053"></trkpt>
<trkpt lat="46.68395" lon="3.10021"></trkpt>
<trkpt lat="46.68394" lon="3.09952"></trkpt>
<trkpt lat="46.68398" lon="3.09888"></trkpt>
<trkpt lat="46.684" lon="3.09831"></trkpt>
<trkpt lat="46.68396" lon="3.09798"></trkpt>
<trkpt lat="46.68392" lon="3.09722"></trkpt>
<trkpt lat="46.68393" lon="3.09709"></trkpt>
<trkpt lat="46.68396" lon="3.09696"></trkpt>
<trkpt lat="46.68406" lon="3.09676"></trkpt>
<trkpt lat="46.68441" lon="3.09635"></trkpt>
<trkpt lat="46.68456" lon="3.09612"></trkpt>
<trkpt lat="46.68463" lon="3.09595"></trkpt>
<trkpt lat="46.68466" lon="3.09581"></trkpt>
<trkpt lat="46.6849" lon="3.09499"></trkpt>
<trkpt lat="46.68507" lon="3.0946"></trkpt>
<trkpt lat="46.68526" lon="3.09422"></trkpt>
<trkpt lat="46.68547" lon="3.09392"></trkpt>
<trkpt lat="46.68563" lon="3.09376"></trkpt>
<trkpt lat="46.68593" lon="3.09338"></trkpt>
<trkpt lat="46.68628" lon="3.09284"></trkpt>
<trkpt lat="46.6865" lon="3.09246"></trkpt>
<trkpt lat="46.68682" lon="3.09186"></trkpt>
<trkpt lat="46.68712" lon="3.09135"></trkpt>
<trkpt lat="46.68749" lon="3.09084"></trkpt>
<trkpt lat="46.68785" lon="3.09037"></trkpt>
<trkpt lat="46.68821" lon="3.08984"></trkpt>
<trkpt lat="46.68829" lon="3.08969"></trkpt>
<trkpt lat="46.68834" lon="3.08956"></trkpt>
<trkpt lat="46.68851" lon="3.0892"></trkpt>
<trkpt lat="46.68889" lon="3.08831"></trkpt>
<trkpt lat="46.689" lon="3.08802"></trkpt>
<trkpt lat="46.68928" lon="3.08739"></trkpt>
<trkpt lat="46.68939" lon="3.08704"></trkpt>
<trkpt lat="46.68944" lon="3.08683"></trkpt>
<trkpt lat="46.68946" lon="3.08649"></trkpt>
<trkpt lat="46.68951" lon="3.08472"></trkpt>
<trkpt lat="46.68958" lon="3.08444"></trkpt>
<trkpt lat="46.6898" lon="3.08419"></trkpt>
<trkpt lat="46.69055" lon="3.08361"></trkpt>
<trkpt lat="46.69073" lon="3.08344"></trkpt>
<trkpt lat="46.69088" lon="3.08324"></trkpt>
<trkpt lat="46.69097" lon="3.08308"></trkpt>
<trkpt lat="46.69114" lon="3.08271"></trkpt>
<trkpt lat="46.6916" lon="3.08165"></trkpt>
<trkpt lat="46.69187" lon="3.08107"></trkpt>
<trkpt lat="46.69199" lon="3.08087"></trkpt>
<trkpt lat="46.69248" lon="3.08029"></trkpt>
<trkpt lat="46.69256" lon="3.08021"></trkpt>
<trkpt lat="46.69256" lon="3.08021"></trkpt>
<trkpt lat="46.6927" lon="3.08006"></trkpt>
<trkpt lat="46.69286" lon="3.07996"></trkpt>
<trkpt lat="46.69363" lon="3.0796"></trkpt>
<trkpt lat="46.69434" lon="3.07925"></trkpt>
<trkpt lat="46.69537" lon="3.07879"></trkpt>
<trkpt lat="46.69558" lon="3.07869"></trkpt>
<trkpt lat="46.69577" lon="3.07858"></trkpt>
<trkpt lat="46.69614" lon="3.0783"></trkpt>
<trkpt lat="46.69624" lon="3.07821"></trkpt>
<trkpt lat="46.69753" lon="3.07699"></trkpt>
<trkpt lat="46.69768" lon="3.07683"></trkpt>
<trkpt lat="46.69812" lon="3.07643"></trkpt>
<trkpt lat="46.69925" lon="3.07536"></trkpt>
<trkpt lat="46.69955" lon="3.07505"></trkpt>
<trkpt lat="46.69984" lon="3.07482"></trkpt>
<trkpt lat="46.70014" lon="3.07468"></trkpt>
<trkpt lat="46.70026" lon="3.07465"></trkpt>
<trkpt lat="46.70038" lon="3.07464"></trkpt>
<trkpt lat="46.70175" lon="3.07461"></trkpt>
<trkpt lat="46.70257" lon="3.07461"></trkpt>
<trkpt lat="46.70285" lon="3.07459"></trkpt>
<trkpt lat="46.70485" lon="3.07458"></trkpt>
<trkpt lat="46.70504" lon="3.07457"></trkpt>
<trkpt lat="46.70516" lon="3.07454"></trkpt>
<trkpt lat="46.70524" lon="3.07454"></trkpt>
<trkpt lat="46.70533" lon="3.07435"></trkpt>
<trkpt lat="46.70543" lon="3.07402"></trkpt>
<trkpt lat="46.70573" lon="3.07282"></trkpt>
<trkpt lat="46.70583" lon="3.07266"></trkpt>
<trkpt lat="46.70614" lon="3.07227"></trkpt>
<trkpt lat="46.70689" lon="3.07143"></trkpt>
<trkpt lat="46.70796" lon="3.07028"></trkpt>
<trkpt lat="46.70915" lon="3.06888"></trkpt>
<trkpt lat="46.70952" lon="3.0685"></trkpt>
<trkpt lat="46.71003" lon="3.06812"></trkpt>
<trkpt lat="46.71003" lon="3.06812"></trkpt>
<trkpt lat="46.71085" lon="3.06749"></trkpt>
<trkpt lat="46.71133" lon="3.06711"></trkpt>
<trkpt lat="46.71178" lon="3.06678"></trkpt>
<trkpt lat="46.71236" lon="3.06635"></trkpt>
<trkpt lat="46.71375" lon="3.06531"></trkpt>
<trkpt lat="46.71395" lon="3.06518"></trkpt>
<trkpt lat="46.71437" lon="3.06499"></trkpt>
<trkpt lat="46.7158" lon="3.06438"></trkpt>
<trkpt lat="46.71822" lon="3.06313"></trkpt>
<trkpt lat="46.71912" lon="3.06268"></trkpt>
<trkpt lat="46.71996" lon="3.06222"></trkpt>
<trkpt lat="46.71996" lon="3.06222"></trkpt>
<trkpt lat="46.72007" lon="3.06216"></trkpt>
<trkpt lat="46.72029" lon="3.06207"></trkpt>
<trkpt lat="46.72206" lon="3.06161"></trkpt>
<trkpt lat="46.72248" lon="3.0615"></trkpt>
<trkpt lat="46.72264" lon="3.06139"></trkpt>
<trkpt lat="46.72289" lon="3.06114"></trkpt>
<trkpt lat="46.72398" lon="3.05998"></trkpt>
<trkpt lat="46.72432" lon="3.05964"></trkpt>
<trkpt lat="46.72463" lon="3.0593"></trkpt>
<trkpt lat="46.72504" lon="3.05888"></trkpt>
<trkpt lat="46.72597" lon="3.05789"></trkpt>
<trkpt lat="46.72666" lon="3.05719"></trkpt>
<trkpt lat="46.72742" lon="3.05638"></trkpt>
<trkpt lat="46.72786" lon="3.05596"></trkpt>
<trkpt lat="46.72863" lon="3.05527"></trkpt>
<trkpt lat="46.72913" lon="3.05479"></trkpt>
<trkpt lat="46.72972" lon="3.05419"></trkpt>
<trkpt lat="46.72972" lon="3.05419"></trkpt>
<trkpt lat="46.73074" lon="3.05317"></trkpt>
<trkpt lat="46.73213" lon="3.05178"></trkpt>
<trkpt lat="46.73283" lon="3.05082"></trkpt>
<trkpt lat="46.73412" lon="3.04916"></trkpt>
<trkpt lat="46.73426" lon="3.04896"></trkpt>
<trkpt lat="46.7344" lon="3.04872"></trkpt>
<trkpt lat="46.73457" lon="3.04827"></trkpt>
<trkpt lat="46.73492" lon="3.04721"></trkpt>
<trkpt lat="46.73554" lon="3.04524"></trkpt>
<trkpt lat="46.73565" lon="3.04463"></trkpt>
<trkpt lat="46.73572" lon="3.04366"></trkpt>
<trkpt lat="46.73573" lon="3.0433"></trkpt>
<trkpt lat="46.73578" lon="3.04274"></trkpt>
<trkpt lat="46.73583" lon="3.04244"></trkpt>
<trkpt lat="46.73591" lon="3.04219"></trkpt>
<trkpt lat="46.73595" lon="3.04212"></trkpt>
<trkpt lat="46.73596" lon="3.04207"></trkpt>
<trkpt lat="46.7361" lon="3.04182"></trkpt>
<trkpt lat="46.73699" lon="3.04055"></trkpt>
<trkpt lat="46.73716" lon="3.04036"></trkpt>
<trkpt lat="46.73732" lon="3.04022"></trkpt>
<trkpt lat="46.73744" lon="3.04014"></trkpt>
<trkpt lat="46.7377" lon="3.03993"></trkpt>
<trkpt lat="46.73788" lon="3.03977"></trkpt>
<trkpt lat="46.73806" lon="3.03955"></trkpt>
<trkpt lat="46.7387" lon="3.03888"></trkpt>
<trkpt lat="46.73882" lon="3.03873"></trkpt>
<trkpt lat="46.739" lon="3.03876"></trkpt>
<trkpt lat="46.7394" lon="3.03889"></trkpt>
<trkpt lat="46.74187" lon="3.03957"></trkpt>
<trkpt lat="46.7426" lon="3.0398"></trkpt>
<trkpt lat="46.74288" lon="3.03991"></trkpt>
<trkpt lat="46.74324" lon="3.04"></trkpt>
<trkpt lat="46.744" lon="3.04013"></trkpt>
<trkpt lat="46.74405" lon="3.04014"></trkpt>
<trkpt lat="46.74405" lon="3.04014"></trkpt>
<trkpt lat="46.74527" lon="3.04037"></trkpt>
<trkpt lat="46.74552" lon="3.04039"></trkpt>
<trkpt lat="46.74564" lon="3.04037"></trkpt>
<trkpt lat="46.74583" lon="3.04031"></trkpt>
<trkpt lat="46.74659" lon="3.03987"></trkpt>
<trkpt lat="46.74668" lon="3.03983"></trkpt>
<trkpt lat="46.74679" lon="3.0398"></trkpt>
<trkpt lat="46.74706" lon="3.03977"></trkpt>
<trkpt lat="46.74787" lon="3.03984"></trkpt>
<trkpt lat="46.74814" lon="3.03985"></trkpt>
<trkpt lat="46.74825" lon="3.03984"></trkpt>
<trkpt lat="46.74849" lon="3.03979"></trkpt>
<trkpt lat="46.74923" lon="3.03962"></trkpt>
<trkpt lat="46.74939" lon="3.03956"></trkpt>
<trkpt lat="46.74983" lon="3.03918"></trkpt>
<trkpt lat="46.75042" lon="3.03875"></trkpt>
<trkpt lat="46.75071" lon="3.03859"></trkpt>
<trkpt lat="46.75148" lon="3.03821"></trkpt>
<trkpt lat="46.75186" lon="3.03805"></trkpt>
<trkpt lat="46.75191" lon="3.03805"></trkpt>
<trkpt lat="46.75192" lon="3.03804"></trkpt>
<trkpt lat="46.75273" lon="3.03802"></trkpt>
<trkpt lat="46.75294" lon="3.038"></trkpt>
<trkpt lat="46.75328" lon="3.03791"></trkpt>
<trkpt lat="46.75352" lon="3.03812"></trkpt>
<trkpt lat="46.75409" lon="3.03855"></trkpt>
<trkpt lat="46.75426" lon="3.03868"></trkpt>
<trkpt lat="46.75432" lon="3.03871"></trkpt>
<trkpt lat="46.75466" lon="3.03888"></trkpt>
<trkpt lat="46.75499" lon="3.03901"></trkpt>
<trkpt lat="46.75524" lon="3.03911"></trkpt>
<trkpt lat="46.75543" lon="3.03921"></trkpt>
<trkpt lat="46.75579" lon="3.03942"></trkpt>
<trkpt lat="46.75608" lon="3.03961"></trkpt>
<trkpt lat="46.75636" lon="3.03981"></trkpt>
<trkpt lat="46.75648" lon="3.03965"></trkpt>
<trkpt lat="46.75654" lon="3.03959"></trkpt>
<trkpt lat="46.75663" lon="3.03942"></trkpt>
<trkpt lat="46.75672" lon="3.0391"></trkpt>
<trkpt lat="46.75679" lon="3.0389"></trkpt>
<trkpt lat="46.75685" lon="3.03878"></trkpt>
<trkpt lat="46.75719" lon="3.03807"></trkpt>
<trkpt lat="46.75746" lon="3.0375"></trkpt>
<trkpt lat="46.75768" lon="3.03706"></trkpt>
<trkpt lat="46.75789" lon="3.03669"></trkpt>
<trkpt lat="46.75851" lon="3.03568"></trkpt>
<trkpt lat="46.75857" lon="3.03561"></trkpt>
<trkpt lat="46.75865" lon="3.03557"></trkpt>
<trkpt lat="46.75866" lon="3.03561"></trkpt>
<trkpt lat="46.7587" lon="3.03566"></trkpt>
<trkpt lat="46.75877" lon="3.03567"></trkpt>
<trkpt lat="46.75881" lon="3.03564"></trkpt>
<trkpt lat="46.75883" lon="3.0356"></trkpt>
<trkpt lat="46.75884" lon="3.03552"></trkpt>
<trkpt lat="46.75881" lon="3.03544"></trkpt>
<trkpt lat="46.75879" lon="3.03542"></trkpt>
<trkpt lat="46.75873" lon="3.03541"></trkpt>
<trkpt lat="46.75878" lon="3.03527"></trkpt>
<trkpt lat="46.7589" lon="3.03501"></trkpt>
<trkpt lat="46.75916" lon="3.0346"></trkpt>
<trkpt lat="46.75971" lon="3.03369"></trkpt>
<trkpt lat="46.76009" lon="3.03307"></trkpt>
<trkpt lat="46.76021" lon="3.0329"></trkpt>
<trkpt lat="46.76049" lon="3.0326"></trkpt>
<trkpt lat="46.76078" lon="3.03238"></trkpt>
<trkpt lat="46.7616" lon="3.03179"></trkpt>
<trkpt lat="46.76184" lon="3.03165"></trkpt>
<trkpt lat="46.76215" lon="3.03148"></trkpt>
<trkpt lat="46.76279" lon="3.03116"></trkpt>
<trkpt lat="46.76302" lon="3.031"></trkpt>
<trkpt lat="46.76309" lon="3.03093"></trkpt>
<trkpt lat="46.76315" lon="3.03084"></trkpt>
<trkpt lat="46.76329" lon="3.03052"></trkpt>
<trkpt lat="46.76359" lon="3.03062"></trkpt>
<trkpt lat="46.76411" lon="3.03079"></trkpt>
<trkpt lat="46.76426" lon="3.03084"></trkpt>
<trkpt lat="46.76472" lon="3.03101"></trkpt>
<trkpt lat="46.76483" lon="3.03104"></trkpt>
<trkpt lat="46.76502" lon="3.03105"></trkpt>
<trkpt lat="46.76518" lon="3.03099"></trkpt>
<trkpt lat="46.7653" lon="3.03089"></trkpt>
<trkpt lat="46.76536" lon="3.0308"></trkpt>
<trkpt lat="46.76543" lon="3.03061"></trkpt>
<trkpt lat="46.76545" lon="3.03048"></trkpt>
<trkpt lat="46.76548" lon="3.02998"></trkpt>
<trkpt lat="46.76552" lon="3.02963"></trkpt>
<trkpt lat="46.76564" lon="3.02904"></trkpt>
<trkpt lat="46.7657" lon="3.02874"></trkpt>
<trkpt lat="46.76573" lon="3.02859"></trkpt>
<trkpt lat="46.76581" lon="3.02826"></trkpt>
<trkpt lat="46.7659" lon="3.02796"></trkpt>
<trkpt lat="46.76599" lon="3.02773"></trkpt>
<trkpt lat="46.76604" lon="3.02764"></trkpt>
<trkpt lat="46.76617" lon="3.02748"></trkpt>
<trkpt lat="46.76644" lon="3.02724"></trkpt>
<trkpt lat="46.7667" lon="3.02702"></trkpt>
<trkpt lat="46.76706" lon="3.02671"></trkpt>
<trkpt lat="46.7672" lon="3.02661"></trkpt>
<trkpt lat="46.7673" lon="3.02656"></trkpt>
<trkpt lat="46.76753" lon="3.02651"></trkpt>
<trkpt lat="46.76793" lon="3.02649"></trkpt>
<trkpt lat="46.76804" lon="3.02647"></trkpt>
<trkpt lat="46.7683" lon="3.02638"></trkpt>
<trkpt lat="46.76855" lon="3.02627"></trkpt>
<trkpt lat="46.76879" lon="3.02614"></trkpt>
<trkpt lat="46.76889" lon="3.02607"></trkpt>
<trkpt lat="46.76919" lon="3.02577"></trkpt>
<trkpt lat="46.76972" lon="3.02513"></trkpt>
<trkpt lat="46.76979" lon="3.02505"></trkpt>
<trkpt lat="46.76986" lon="3.02497"></trkpt>
<trkpt lat="46.77009" lon="3.02504"></trkpt>
<trkpt lat="46.77047" lon="3.02511"></trkpt>
<trkpt lat="46.77089" lon="3.02519"></trkpt>
<trkpt lat="46.77111" lon="3.02522"></trkpt>
<trkpt lat="46.77134" lon="3.02523"></trkpt>
<trkpt lat="46.77249" lon="3.02523"></trkpt>
<trkpt lat="46.77339" lon="3.02526"></trkpt>
<trkpt lat="46.77368" lon="3.02526"></trkpt>
<trkpt lat="46.77398" lon="3.02523"></trkpt>
<trkpt lat="46.77445" lon="3.02509"></trkpt>
<trkpt lat="46.77469" lon="3.02499"></trkpt>
<trkpt lat="46.77508" lon="3.02475"></trkpt>
<trkpt lat="46.7752" lon="3.02469"></trkpt>
<trkpt lat="46.77542" lon="3.0246"></trkpt>
<trkpt lat="46.77566" lon="3.02451"></trkpt>
<trkpt lat="46.77585" lon="3.02441"></trkpt>
<trkpt lat="46.77612" lon="3.02419"></trkpt>
<trkpt lat="46.77622" lon="3.02408"></trkpt>
<trkpt lat="46.77641" lon="3.02385"></trkpt>
<trkpt lat="46.77677" lon="3.02343"></trkpt>
<trkpt lat="46.77688" lon="3.02332"></trkpt>
<trkpt lat="46.77697" lon="3.02325"></trkpt>
<trkpt lat="46.7771" lon="3.02319"></trkpt>
<trkpt lat="46.77718" lon="3.02319"></trkpt>
<trkpt lat="46.77727" lon="3.02321"></trkpt>
<trkpt lat="46.77793" lon="3.02345"></trkpt>
<trkpt lat="46.77853" lon="3.02363"></trkpt>
<trkpt lat="46.77964" lon="3.02391"></trkpt>
<trkpt lat="46.7798" lon="3.02394"></trkpt>
<trkpt lat="46.77997" lon="3.02396"></trkpt>
<trkpt lat="46.78013" lon="3.02396"></trkpt>
<trkpt lat="46.78063" lon="3.02391"></trkpt>
<trkpt lat="46.78114" lon="3.02386"></trkpt>
<trkpt lat="46.78246" lon="3.02372"></trkpt>
<trkpt lat="46.78293" lon="3.02367"></trkpt>
<trkpt lat="46.78316" lon="3.02362"></trkpt>
<trkpt lat="46.78328" lon="3.02358"></trkpt>
<trkpt lat="46.7843" lon="3.02311"></trkpt>
<trkpt lat="46.78461" lon="3.02301"></trkpt>
<trkpt lat="46.78487" lon="3.02296"></trkpt>
<trkpt lat="46.78515" lon="3.02297"></trkpt>
<trkpt lat="46.78658" lon="3.02314"></trkpt>
<trkpt lat="46.78696" lon="3.02314"></trkpt>
<trkpt lat="46.78813" lon="3.02308"></trkpt>
<trkpt lat="46.7883" lon="3.02308"></trkpt>
<trkpt lat="46.78861" lon="3.02311"></trkpt>
<trkpt lat="46.78872" lon="3.02314"></trkpt>
<trkpt lat="46.78968" lon="3.02351"></trkpt>
<trkpt lat="46.7919" lon="3.02435"></trkpt>
<trkpt lat="46.79382" lon="3.02508"></trkpt>
<trkpt lat="46.7959" lon="3.02585"></trkpt>
<trkpt lat="46.79653" lon="3.02601"></trkpt>
<trkpt lat="46.7976" lon="3.0262"></trkpt>
<trkpt lat="46.79887" lon="3.02642"></trkpt>
<trkpt lat="46.80012" lon="3.02665"></trkpt>
<trkpt lat="46.80025" lon="3.02666"></trkpt>
<trkpt lat="46.80043" lon="3.02665"></trkpt>
<trkpt lat="46.80079" lon="3.02659"></trkpt>
<trkpt lat="46.80171" lon="3.02636"></trkpt>
<trkpt lat="46.80275" lon="3.0261"></trkpt>
<trkpt lat="46.80314" lon="3.02598"></trkpt>
<trkpt lat="46.80369" lon="3.02579"></trkpt>
<trkpt lat="46.80395" lon="3.02573"></trkpt>
<trkpt lat="46.80431" lon="3.02566"></trkpt>
<trkpt lat="46.80455" lon="3.02563"></trkpt>
<trkpt lat="46.80467" lon="3.02563"></trkpt>
<trkpt lat="46.80481" lon="3.02565"></trkpt>
<trkpt lat="46.80541" lon="3.02582"></trkpt>
<trkpt lat="46.80628" lon="3.026"></trkpt>
<trkpt lat="46.80641" lon="3.02601"></trkpt>
<trkpt lat="46.80658" lon="3.02599"></trkpt>
<trkpt lat="46.80695" lon="3.0259"></trkpt>
<trkpt lat="46.8071" lon="3.02589"></trkpt>
<trkpt lat="46.80724" lon="3.02591"></trkpt>
<trkpt lat="46.80762" lon="3.02603"></trkpt>
<trkpt lat="46.80773" lon="3.02605"></trkpt>
<trkpt lat="46.80786" lon="3.02604"></trkpt>
<trkpt lat="46.80797" lon="3.026"></trkpt>
<trkpt lat="46.80807" lon="3.02593"></trkpt>
<trkpt lat="46.80818" lon="3.02582"></trkpt>
<trkpt lat="46.8083" lon="3.02566"></trkpt>
<trkpt lat="46.80838" lon="3.02551"></trkpt>
<trkpt lat="46.80844" lon="3.02538"></trkpt>
<trkpt lat="46.80848" lon="3.02525"></trkpt>
<trkpt lat="46.80863" lon="3.02439"></trkpt>
<trkpt lat="46.80874" lon="3.02387"></trkpt>
<trkpt lat="46.8088" lon="3.02366"></trkpt>
<trkpt lat="46.80901" lon="3.02305"></trkpt>
<trkpt lat="46.80913" lon="3.02265"></trkpt>
<trkpt lat="46.80925" lon="3.02206"></trkpt>
<trkpt lat="46.80936" lon="3.0214"></trkpt>
<trkpt lat="46.80941" lon="3.02125"></trkpt>
<trkpt lat="46.80948" lon="3.0211"></trkpt>
<trkpt lat="46.80965" lon="3.02086"></trkpt>
<trkpt lat="46.80983" lon="3.02067"></trkpt>
<trkpt lat="46.81" lon="3.02053"></trkpt>
<trkpt lat="46.81013" lon="3.02047"></trkpt>
<trkpt lat="46.81029" lon="3.02045"></trkpt>
<trkpt lat="46.81049" lon="3.02047"></trkpt>
<trkpt lat="46.81083" lon="3.02055"></trkpt>
<trkpt lat="46.81119" lon="3.02068"></trkpt>
<trkpt lat="46.81147" lon="3.02072"></trkpt>
<trkpt lat="46.81185" lon="3.02077"></trkpt>
<trkpt lat="46.81237" lon="3.02088"></trkpt>
<trkpt lat="46.8131" lon="3.02106"></trkpt>
<trkpt lat="46.81323" lon="3.02111"></trkpt>
<trkpt lat="46.81335" lon="3.02118"></trkpt>
<trkpt lat="46.8137" lon="3.02146"></trkpt>
<trkpt lat="46.81402" lon="3.02175"></trkpt>
<trkpt lat="46.81425" lon="3.022"></trkpt>
<trkpt lat="46.81436" lon="3.02217"></trkpt>
<trkpt lat="46.81449" lon="3.02241"></trkpt>
<trkpt lat="46.81482" lon="3.02313"></trkpt>
<trkpt lat="46.81501" lon="3.02347"></trkpt>
<trkpt lat="46.8151" lon="3.02359"></trkpt>
<trkpt lat="46.81518" lon="3.02367"></trkpt>
<trkpt lat="46.81568" lon="3.02412"></trkpt>
<trkpt lat="46.81584" lon="3.02425"></trkpt>
<trkpt lat="46.81618" lon="3.02455"></trkpt>
<trkpt lat="46.81636" lon="3.0247"></trkpt>
<trkpt lat="46.81661" lon="3.02493"></trkpt>
<trkpt lat="46.81672" lon="3.02506"></trkpt>
<trkpt lat="46.81687" lon="3.02528"></trkpt>
<trkpt lat="46.81803" lon="3.02755"></trkpt>
<trkpt lat="46.81823" lon="3.02798"></trkpt>
<trkpt lat="46.81851" lon="3.02861"></trkpt>
<trkpt lat="46.81862" lon="3.02883"></trkpt>
<trkpt lat="46.8187" lon="3.02896"></trkpt>
<trkpt lat="46.81883" lon="3.02917"></trkpt>
<trkpt lat="46.81894" lon="3.02938"></trkpt>
<trkpt lat="46.81904" lon="3.02955"></trkpt>
<trkpt lat="46.81921" lon="3.02978"></trkpt>
<trkpt lat="46.81939" lon="3.02997"></trkpt>
<trkpt lat="46.81965" lon="3.03019"></trkpt>
<trkpt lat="46.81978" lon="3.03029"></trkpt>
<trkpt lat="46.82004" lon="3.03044"></trkpt>
<trkpt lat="46.82022" lon="3.03054"></trkpt>
<trkpt lat="46.82066" lon="3.0308"></trkpt>
<trkpt lat="46.82069" lon="3.03081"></trkpt>
<trkpt lat="46.82105" lon="3.03089"></trkpt>
<trkpt lat="46.82131" lon="3.03093"></trkpt>
<trkpt lat="46.82165" lon="3.03096"></trkpt>
<trkpt lat="46.82177" lon="3.03099"></trkpt>
<trkpt lat="46.82192" lon="3.03108"></trkpt>
<trkpt lat="46.82217" lon="3.03129"></trkpt>
<trkpt lat="46.8224" lon="3.03138"></trkpt>
<trkpt lat="46.82251" lon="3.0314"></trkpt>
<trkpt lat="46.82297" lon="3.03146"></trkpt>
<trkpt lat="46.82305" lon="3.03149"></trkpt>
<trkpt lat="46.82315" lon="3.03155"></trkpt>
<trkpt lat="46.82344" lon="3.03175"></trkpt>
<trkpt lat="46.82357" lon="3.03176"></trkpt>
<trkpt lat="46.82365" lon="3.03173"></trkpt>
<trkpt lat="46.82394" lon="3.03153"></trkpt>
<trkpt lat="46.82413" lon="3.03143"></trkpt>
<trkpt lat="46.82429" lon="3.03142"></trkpt>
<trkpt lat="46.82439" lon="3.03144"></trkpt>
<trkpt lat="46.82451" lon="3.03148"></trkpt>
<trkpt lat="46.82492" lon="3.0317"></trkpt>
<trkpt lat="46.82562" lon="3.03188"></trkpt>
<trkpt lat="46.82588" lon="3.03198"></trkpt>
<trkpt lat="46.82608" lon="3.03203"></trkpt>
<trkpt lat="46.82677" lon="3.03209"></trkpt>
<trkpt lat="46.82701" lon="3.03213"></trkpt>
<trkpt lat="46.82712" lon="3.03217"></trkpt>
<trkpt lat="46.82745" lon="3.03234"></trkpt>
<trkpt lat="46.82798" lon="3.03267"></trkpt>
<trkpt lat="46.82875" lon="3.0332"></trkpt>
<trkpt lat="46.82961" lon="3.03379"></trkpt>
<trkpt lat="46.83042" lon="3.03436"></trkpt>
<trkpt lat="46.83101" lon="3.03477"></trkpt>
<trkpt lat="46.83127" lon="3.03492"></trkpt>
<trkpt lat="46.83154" lon="3.03501"></trkpt>
<trkpt lat="46.83214" lon="3.03514"></trkpt>
<trkpt lat="46.8323" lon="3.03516"></trkpt>
<trkpt lat="46.83238" lon="3.03515"></trkpt>
<trkpt lat="46.83243" lon="3.03515"></trkpt>
<trkpt lat="46.83257" lon="3.03512"></trkpt>
<trkpt lat="46.83299" lon="3.03495"></trkpt>
<trkpt lat="46.83352" lon="3.03473"></trkpt>
<trkpt lat="46.83397" lon="3.03456"></trkpt>
<trkpt lat="46.83446" lon="3.03443"></trkpt>
<trkpt lat="46.8349" lon="3.03433"></trkpt>
<trkpt lat="46.83509" lon="3.03429"></trkpt>
<trkpt lat="46.83535" lon="3.03423"></trkpt>
<trkpt lat="46.83557" lon="3.03416"></trkpt>
<trkpt lat="46.83575" lon="3.03405"></trkpt>
<trkpt lat="46.83585" lon="3.03397"></trkpt>
<trkpt lat="46.83613" lon="3.03372"></trkpt>
<trkpt lat="46.83632" lon="3.03353"></trkpt>
<trkpt lat="46.83674" lon="3.03305"></trkpt>
<trkpt lat="46.8368" lon="3.033"></trkpt>
<trkpt lat="46.83689" lon="3.03297"></trkpt>
<trkpt lat="46.83695" lon="3.03298"></trkpt>
<trkpt lat="46.83703" lon="3.03305"></trkpt>
<trkpt lat="46.83713" lon="3.03326"></trkpt>
<trkpt lat="46.83726" lon="3.03365"></trkpt>
<trkpt lat="46.83731" lon="3.03384"></trkpt>
<trkpt lat="46.83742" lon="3.03442"></trkpt>
<trkpt lat="46.83752" lon="3.03486"></trkpt>
<trkpt lat="46.83764" lon="3.03517"></trkpt>
<trkpt lat="46.83776" lon="3.03538"></trkpt>
<trkpt lat="46.83788" lon="3.03555"></trkpt>
<trkpt lat="46.83802" lon="3.03572"></trkpt>
<trkpt lat="46.83829" lon="3.03601"></trkpt>
<trkpt lat="46.83829" lon="3.03601"></trkpt>
<trkpt lat="46.83851" lon="3.03625"></trkpt>
<trkpt lat="46.83869" lon="3.03647"></trkpt>
<trkpt lat="46.83889" lon="3.03675"></trkpt>
<trkpt lat="46.83907" lon="3.03704"></trkpt>
<trkpt lat="46.8394" lon="3.03767"></trkpt>
<trkpt lat="46.84046" lon="3.03984"></trkpt>
<trkpt lat="46.84089" lon="3.0406"></trkpt>
<trkpt lat="46.84099" lon="3.04076"></trkpt>
<trkpt lat="46.84119" lon="3.04103"></trkpt>
<trkpt lat="46.84222" lon="3.04213"></trkpt>
<trkpt lat="46.84231" lon="3.04225"></trkpt>
<trkpt lat="46.84238" lon="3.04237"></trkpt>
<trkpt lat="46.84244" lon="3.0425"></trkpt>
<trkpt lat="46.84249" lon="3.04265"></trkpt>
<trkpt lat="46.84253" lon="3.04284"></trkpt>
<trkpt lat="46.84256" lon="3.04307"></trkpt>
<trkpt lat="46.84262" lon="3.04387"></trkpt>
<trkpt lat="46.84265" lon="3.04407"></trkpt>
<trkpt lat="46.84269" lon="3.04421"></trkpt>
<trkpt lat="46.84275" lon="3.04436"></trkpt>
<trkpt lat="46.84281" lon="3.04448"></trkpt>
<trkpt lat="46.84301" lon="3.04479"></trkpt>
<trkpt lat="46.84311" lon="3.04499"></trkpt>
<trkpt lat="46.84323" lon="3.04541"></trkpt>
<trkpt lat="46.84329" lon="3.0455"></trkpt>
<trkpt lat="46.84333" lon="3.04553"></trkpt>
<trkpt lat="46.84346" lon="3.04556"></trkpt>
<trkpt lat="46.84354" lon="3.04555"></trkpt>
<trkpt lat="46.84428" lon="3.0454"></trkpt>
<trkpt lat="46.84442" lon="3.04536"></trkpt>
<trkpt lat="46.8445" lon="3.04531"></trkpt>
<trkpt lat="46.84457" lon="3.04524"></trkpt>
<trkpt lat="46.84462" lon="3.04516"></trkpt>
<trkpt lat="46.84467" lon="3.04504"></trkpt>
<trkpt lat="46.84481" lon="3.04457"></trkpt>
<trkpt lat="46.84487" lon="3.04443"></trkpt>
<trkpt lat="46.84493" lon="3.04433"></trkpt>
<trkpt lat="46.845" lon="3.04425"></trkpt>
<trkpt lat="46.84518" lon="3.04412"></trkpt>
<trkpt lat="46.84557" lon="3.04396"></trkpt>
<trkpt lat="46.84576" lon="3.04387"></trkpt>
<trkpt lat="46.84592" lon="3.04377"></trkpt>
<trkpt lat="46.84607" lon="3.04365"></trkpt>
<trkpt lat="46.8465" lon="3.04323"></trkpt>
<trkpt lat="46.84663" lon="3.04313"></trkpt>
<trkpt lat="46.84673" lon="3.04307"></trkpt>
<trkpt lat="46.84683" lon="3.04303"></trkpt>
<trkpt lat="46.84694" lon="3.04301"></trkpt>
<trkpt lat="46.84751" lon="3.04304"></trkpt>
<trkpt lat="46.84772" lon="3.04303"></trkpt>
<trkpt lat="46.8479" lon="3.04299"></trkpt>
<trkpt lat="46.84938" lon="3.0425"></trkpt>
<trkpt lat="46.85041" lon="3.04217"></trkpt>
<trkpt lat="46.85072" lon="3.04207"></trkpt>
<trkpt lat="46.85082" lon="3.04207"></trkpt>
<trkpt lat="46.85089" lon="3.04208"></trkpt>
<trkpt lat="46.85096" lon="3.04211"></trkpt>
<trkpt lat="46.85104" lon="3.04216"></trkpt>
<trkpt lat="46.85112" lon="3.04224"></trkpt>
<trkpt lat="46.85131" lon="3.04251"></trkpt>
<trkpt lat="46.85207" lon="3.04372"></trkpt>
<trkpt lat="46.85215" lon="3.04387"></trkpt>
<trkpt lat="46.85222" lon="3.04405"></trkpt>
<trkpt lat="46.85237" lon="3.04451"></trkpt>
<trkpt lat="46.85241" lon="3.04459"></trkpt>
<trkpt lat="46.85251" lon="3.0447"></trkpt>
<trkpt lat="46.85258" lon="3.04474"></trkpt>
<trkpt lat="46.85268" lon="3.04476"></trkpt>
<trkpt lat="46.85278" lon="3.04475"></trkpt>
<trkpt lat="46.85288" lon="3.04471"></trkpt>
<trkpt lat="46.8532" lon="3.04453"></trkpt>
<trkpt lat="46.85334" lon="3.04441"></trkpt>
<trkpt lat="46.8534" lon="3.04432"></trkpt>
<trkpt lat="46.85345" lon="3.04419"></trkpt>
<trkpt lat="46.85348" lon="3.04405"></trkpt>
<trkpt lat="46.8535" lon="3.04381"></trkpt>
<trkpt lat="46.85351" lon="3.04359"></trkpt>
<trkpt lat="46.85353" lon="3.0435"></trkpt>
<trkpt lat="46.85359" lon="3.04334"></trkpt>
<trkpt lat="46.85368" lon="3.04321"></trkpt>
<trkpt lat="46.85389" lon="3.04308"></trkpt>
<trkpt lat="46.85451" lon="3.04281"></trkpt>
<trkpt lat="46.85479" lon="3.04265"></trkpt>
<trkpt lat="46.85503" lon="3.04248"></trkpt>
<trkpt lat="46.85528" lon="3.04236"></trkpt>
<trkpt lat="46.85608" lon="3.04214"></trkpt>
<trkpt lat="46.85624" lon="3.04208"></trkpt>
<trkpt lat="46.85662" lon="3.0419"></trkpt>
<trkpt lat="46.85694" lon="3.04177"></trkpt>
<trkpt lat="46.85769" lon="3.04154"></trkpt>
<trkpt lat="46.85803" lon="3.04138"></trkpt>
<trkpt lat="46.85831" lon="3.04122"></trkpt>
<trkpt lat="46.8587" lon="3.04099"></trkpt>
<trkpt lat="46.85966" lon="3.04054"></trkpt>
<trkpt lat="46.85991" lon="3.0404"></trkpt>
<trkpt lat="46.86039" lon="3.04002"></trkpt>
<trkpt lat="46.86053" lon="3.03992"></trkpt>
<trkpt lat="46.8607" lon="3.03982"></trkpt>
<trkpt lat="46.86118" lon="3.0396"></trkpt>
<trkpt lat="46.86132" lon="3.03955"></trkpt>
<trkpt lat="46.86147" lon="3.03952"></trkpt>
<trkpt lat="46.86176" lon="3.03951"></trkpt>
<trkpt lat="46.86193" lon="3.03952"></trkpt>
<trkpt lat="46.86218" lon="3.03956"></trkpt>
<trkpt lat="46.86291" lon="3.03974"></trkpt>
<trkpt lat="46.86302" lon="3.03975"></trkpt>
<trkpt lat="46.86314" lon="3.03973"></trkpt>
<trkpt lat="46.86329" lon="3.03967"></trkpt>
<trkpt lat="46.86337" lon="3.0396"></trkpt>
<trkpt lat="46.86343" lon="3.03953"></trkpt>
<trkpt lat="46.86353" lon="3.03932"></trkpt>
<trkpt lat="46.86365" lon="3.03894"></trkpt>
<trkpt lat="46.86376" lon="3.03859"></trkpt>
<trkpt lat="46.86382" lon="3.03845"></trkpt>
<trkpt lat="46.86395" lon="3.03821"></trkpt>
<trkpt lat="46.86407" lon="3.03804"></trkpt>
<trkpt lat="46.86418" lon="3.03783"></trkpt>
<trkpt lat="46.86427" lon="3.03757"></trkpt>
<trkpt lat="46.86434" lon="3.03728"></trkpt>
<trkpt lat="46.86443" lon="3.03703"></trkpt>
<trkpt lat="46.86457" lon="3.03716"></trkpt>
<trkpt lat="46.86473" lon="3.03725"></trkpt>
<trkpt lat="46.86497" lon="3.03733"></trkpt>
<trkpt lat="46.865" lon="3.03735"></trkpt>
<trkpt lat="46.86504" lon="3.03743"></trkpt>
<trkpt lat="46.86513" lon="3.03771"></trkpt>
<trkpt lat="46.86547" lon="3.03859"></trkpt>
<trkpt lat="46.86553" lon="3.03869"></trkpt>
<trkpt lat="46.86557" lon="3.03871"></trkpt>
<trkpt lat="46.86562" lon="3.03872"></trkpt>
<trkpt lat="46.86595" lon="3.03869"></trkpt>
<trkpt lat="46.86611" lon="3.03868"></trkpt>
<trkpt lat="46.86714" lon="3.03861"></trkpt>
<trkpt lat="46.86766" lon="3.03858"></trkpt>
<trkpt lat="46.86801" lon="3.03858"></trkpt>
<trkpt lat="46.86828" lon="3.03863"></trkpt>
<trkpt lat="46.86839" lon="3.03867"></trkpt>
<trkpt lat="46.86869" lon="3.03884"></trkpt>
<trkpt lat="46.87016" lon="3.03988"></trkpt>
<trkpt lat="46.8703" lon="3.03998"></trkpt>
<trkpt lat="46.87041" lon="3.04008"></trkpt>
<trkpt lat="46.87068" lon="3.04045"></trkpt>
<trkpt lat="46.87118" lon="3.04126"></trkpt>
<trkpt lat="46.8721" lon="3.0427"></trkpt>
<trkpt lat="46.87234" lon="3.04302"></trkpt>
<trkpt lat="46.8726" lon="3.04331"></trkpt>
<trkpt lat="46.87301" lon="3.04373"></trkpt>
<trkpt lat="46.87336" lon="3.04411"></trkpt>
<trkpt lat="46.87394" lon="3.04476"></trkpt>
<trkpt lat="46.87428" lon="3.04509"></trkpt>
<trkpt lat="46.87467" lon="3.04545"></trkpt>
<trkpt lat="46.87489" lon="3.04563"></trkpt>
<trkpt lat="46.87505" lon="3.04572"></trkpt>
<trkpt lat="46.87521" lon="3.04578"></trkpt>
<trkpt lat="46.8754" lon="3.04582"></trkpt>
<trkpt lat="46.87561" lon="3.04584"></trkpt>
<trkpt lat="46.87575" lon="3.04584"></trkpt>
<trkpt lat="46.87589" lon="3.04582"></trkpt>
<trkpt lat="46.87634" lon="3.04573"></trkpt>
<trkpt lat="46.87674" lon="3.04569"></trkpt>
<trkpt lat="46.87727" lon="3.04564"></trkpt>
<trkpt lat="46.87777" lon="3.04561"></trkpt>
<trkpt lat="46.878" lon="3.04563"></trkpt>
<trkpt lat="46.87821" lon="3.04568"></trkpt>
<trkpt lat="46.87843" lon="3.04577"></trkpt>
<trkpt lat="46.87946" lon="3.04645"></trkpt>
<trkpt lat="46.87972" lon="3.04668"></trkpt>
<trkpt lat="46.87999" lon="3.04701"></trkpt>
<trkpt lat="46.88011" lon="3.0472"></trkpt>
<trkpt lat="46.88024" lon="3.04744"></trkpt>
<trkpt lat="46.88041" lon="3.04784"></trkpt>
<trkpt lat="46.88065" lon="3.04873"></trkpt>
<trkpt lat="46.88073" lon="3.04889"></trkpt>
<trkpt lat="46.88077" lon="3.04894"></trkpt>
<trkpt lat="46.88086" lon="3.04902"></trkpt>
<trkpt lat="46.88097" lon="3.04908"></trkpt>
<trkpt lat="46.88141" lon="3.0493"></trkpt>
<trkpt lat="46.88159" lon="3.04938"></trkpt>
<trkpt lat="46.8817" lon="3.04941"></trkpt>
<trkpt lat="46.88182" lon="3.04942"></trkpt>
<trkpt lat="46.88198" lon="3.04941"></trkpt>
<trkpt lat="46.88303" lon="3.04926"></trkpt>
<trkpt lat="46.88331" lon="3.04923"></trkpt>
<trkpt lat="46.88379" lon="3.0492"></trkpt>
<trkpt lat="46.88425" lon="3.0492"></trkpt>
<trkpt lat="46.88449" lon="3.04923"></trkpt>
<trkpt lat="46.88462" lon="3.04928"></trkpt>
<trkpt lat="46.88482" lon="3.04938"></trkpt>
<trkpt lat="46.88582" lon="3.04997"></trkpt>
<trkpt lat="46.88747" lon="3.05108"></trkpt>
<trkpt lat="46.88771" lon="3.05122"></trkpt>
<trkpt lat="46.88787" lon="3.05127"></trkpt>
<trkpt lat="46.88802" lon="3.0513"></trkpt>
<trkpt lat="46.88894" lon="3.05141"></trkpt>
<trkpt lat="46.88907" lon="3.05141"></trkpt>
<trkpt lat="46.88917" lon="3.05139"></trkpt>
<trkpt lat="46.88929" lon="3.05134"></trkpt>
<trkpt lat="46.88941" lon="3.05125"></trkpt>
<trkpt lat="46.88957" lon="3.05106"></trkpt>
<trkpt lat="46.89013" lon="3.05013"></trkpt>
<trkpt lat="46.8903" lon="3.04988"></trkpt>
<trkpt lat="46.89071" lon="3.0494"></trkpt>
<trkpt lat="46.89087" lon="3.04923"></trkpt>
<trkpt lat="46.89095" lon="3.04916"></trkpt>
<trkpt lat="46.89111" lon="3.04908"></trkpt>
<trkpt lat="46.89121" lon="3.04906"></trkpt>
<trkpt lat="46.89131" lon="3.04906"></trkpt>
<trkpt lat="46.89196" lon="3.04916"></trkpt>
<trkpt lat="46.89208" lon="3.04916"></trkpt>
<trkpt lat="46.89229" lon="3.04913"></trkpt>
<trkpt lat="46.89255" lon="3.04903"></trkpt>
<trkpt lat="46.89279" lon="3.04893"></trkpt>
<trkpt lat="46.89297" lon="3.04887"></trkpt>
<trkpt lat="46.89309" lon="3.04885"></trkpt>
<trkpt lat="46.89348" lon="3.04884"></trkpt>
<trkpt lat="46.89384" lon="3.04887"></trkpt>
<trkpt lat="46.8942" lon="3.04892"></trkpt>
<trkpt lat="46.89441" lon="3.04892"></trkpt>
<trkpt lat="46.8951" lon="3.04882"></trkpt>
<trkpt lat="46.89523" lon="3.0488"></trkpt>
<trkpt lat="46.89523" lon="3.0488"></trkpt>
<trkpt lat="46.89555" lon="3.04873"></trkpt>
<trkpt lat="46.89566" lon="3.04868"></trkpt>
<trkpt lat="46.89576" lon="3.0486"></trkpt>
<trkpt lat="46.89585" lon="3.04849"></trkpt>
<trkpt lat="46.89593" lon="3.04837"></trkpt>
<trkpt lat="46.89633" lon="3.04762"></trkpt>
<trkpt lat="46.89641" lon="3.04749"></trkpt>
<trkpt lat="46.89649" lon="3.04739"></trkpt>
<trkpt lat="46.89657" lon="3.04731"></trkpt>
<trkpt lat="46.89665" lon="3.04725"></trkpt>
<trkpt lat="46.89675" lon="3.04719"></trkpt>
<trkpt lat="46.89685" lon="3.04715"></trkpt>
<trkpt lat="46.89706" lon="3.0471"></trkpt>
<trkpt lat="46.89724" lon="3.04708"></trkpt>
<trkpt lat="46.89741" lon="3.04709"></trkpt>
<trkpt lat="46.89758" lon="3.04713"></trkpt>
<trkpt lat="46.89829" lon="3.04734"></trkpt>
<trkpt lat="46.89854" lon="3.04735"></trkpt>
<trkpt lat="46.89874" lon="3.04733"></trkpt>
<trkpt lat="46.89928" lon="3.04724"></trkpt>
<trkpt lat="46.90032" lon="3.04706"></trkpt>
<trkpt lat="46.90049" lon="3.04705"></trkpt>
<trkpt lat="46.90069" lon="3.04707"></trkpt>
<trkpt lat="46.90096" lon="3.04714"></trkpt>
<trkpt lat="46.90129" lon="3.04725"></trkpt>
<trkpt lat="46.90157" lon="3.04736"></trkpt>
<trkpt lat="46.90179" lon="3.04747"></trkpt>
<trkpt lat="46.90251" lon="3.04788"></trkpt>
<trkpt lat="46.90273" lon="3.04798"></trkpt>
<trkpt lat="46.90297" lon="3.04807"></trkpt>
<trkpt lat="46.90338" lon="3.04819"></trkpt>
<trkpt lat="46.9042" lon="3.04833"></trkpt>
<trkpt lat="46.90458" lon="3.0484"></trkpt>
<trkpt lat="46.90486" lon="3.04845"></trkpt>
<trkpt lat="46.90505" lon="3.04844"></trkpt>
<trkpt lat="46.90513" lon="3.04841"></trkpt>
<trkpt lat="46.90527" lon="3.04827"></trkpt>
<trkpt lat="46.90538" lon="3.04811"></trkpt>
<trkpt lat="46.90542" lon="3.04807"></trkpt>
<trkpt lat="46.90547" lon="3.04804"></trkpt>
<trkpt lat="46.90592" lon="3.04791"></trkpt>
<trkpt lat="46.9063" lon="3.04783"></trkpt>
<trkpt lat="46.90665" lon="3.04773"></trkpt>
<trkpt lat="46.90689" lon="3.04768"></trkpt>
<trkpt lat="46.90698" lon="3.04768"></trkpt>
<trkpt lat="46.9073" lon="3.04774"></trkpt>
<trkpt lat="46.90749" lon="3.04779"></trkpt>
<trkpt lat="46.90788" lon="3.04793"></trkpt>
<trkpt lat="46.90832" lon="3.04812"></trkpt>
<trkpt lat="46.90852" lon="3.04818"></trkpt>
<trkpt lat="46.90879" lon="3.04819"></trkpt>
<trkpt lat="46.9095" lon="3.04814"></trkpt>
<trkpt lat="46.90965" lon="3.04814"></trkpt>
<trkpt lat="46.90982" lon="3.04816"></trkpt>
<trkpt lat="46.91" lon="3.0482"></trkpt>
<trkpt lat="46.91018" lon="3.04826"></trkpt>
<trkpt lat="46.91056" lon="3.04842"></trkpt>
<trkpt lat="46.91176" lon="3.0489"></trkpt>
<trkpt lat="46.91195" lon="3.04897"></trkpt>
<trkpt lat="46.91299" lon="3.04938"></trkpt>
<trkpt lat="46.91386" lon="3.04972"></trkpt>
<trkpt lat="46.91486" lon="3.05018"></trkpt>
<trkpt lat="46.9163" lon="3.0508"></trkpt>
<trkpt lat="46.91671" lon="3.05101"></trkpt>
<trkpt lat="46.9169" lon="3.05112"></trkpt>
<trkpt lat="46.91743" lon="3.05148"></trkpt>
<trkpt lat="46.91765" lon="3.05165"></trkpt>
<trkpt lat="46.91781" lon="3.05181"></trkpt>
<trkpt lat="46.91791" lon="3.05191"></trkpt>
<trkpt lat="46.91812" lon="3.05216"></trkpt>
<trkpt lat="46.91963" lon="3.05415"></trkpt>
<trkpt lat="46.91997" lon="3.05449"></trkpt>
<trkpt lat="46.92012" lon="3.0546"></trkpt>
<trkpt lat="46.92043" lon="3.05477"></trkpt>
<trkpt lat="46.92065" lon="3.05489"></trkpt>
<trkpt lat="46.92097" lon="3.05503"></trkpt>
<trkpt lat="46.92113" lon="3.05508"></trkpt>
<trkpt lat="46.92166" lon="3.05519"></trkpt>
<trkpt lat="46.9219" lon="3.05525"></trkpt>
<trkpt lat="46.92212" lon="3.0553"></trkpt>
<trkpt lat="46.92231" lon="3.05536"></trkpt>
<trkpt lat="46.92246" lon="3.05546"></trkpt>
<trkpt lat="46.92275" lon="3.0557"></trkpt>
<trkpt lat="46.92297" lon="3.05584"></trkpt>
<trkpt lat="46.92311" lon="3.05592"></trkpt>
<trkpt lat="46.92311" lon="3.05592"></trkpt>
<trkpt lat="46.92347" lon="3.05611"></trkpt>
<trkpt lat="46.92383" lon="3.05628"></trkpt>
<trkpt lat="46.92396" lon="3.05632"></trkpt>
<trkpt lat="46.92434" lon="3.05639"></trkpt>
<trkpt lat="46.92449" lon="3.05643"></trkpt>
<trkpt lat="46.92463" lon="3.05649"></trkpt>
<trkpt lat="46.92702" lon="3.05772"></trkpt>
<trkpt lat="46.92725" lon="3.05787"></trkpt>
<trkpt lat="46.92762" lon="3.05815"></trkpt>
<trkpt lat="46.92789" lon="3.05832"></trkpt>
<trkpt lat="46.92876" lon="3.05876"></trkpt>
<trkpt lat="46.929" lon="3.05885"></trkpt>
<trkpt lat="46.92925" lon="3.05892"></trkpt>
<trkpt lat="46.92982" lon="3.05904"></trkpt>
<trkpt lat="46.93357" lon="3.05973"></trkpt>
<trkpt lat="46.93378" lon="3.05975"></trkpt>
<trkpt lat="46.93399" lon="3.05974"></trkpt>
<trkpt lat="46.93441" lon="3.05966"></trkpt>
<trkpt lat="46.93468" lon="3.0596"></trkpt>
<trkpt lat="46.93712" lon="3.05952"></trkpt>
<trkpt lat="46.93921" lon="3.05943"></trkpt>
<trkpt lat="46.94286" lon="3.0593"></trkpt>
<trkpt lat="46.94513" lon="3.05922"></trkpt>
<trkpt lat="46.9455" lon="3.0592"></trkpt>
<trkpt lat="46.94597" lon="3.05924"></trkpt>
<trkpt lat="46.94594" lon="3.05893"></trkpt>
<trkpt lat="46.94593" lon="3.05873"></trkpt>
<trkpt lat="46.94592" lon="3.05857"></trkpt>
<trkpt lat="46.94592" lon="3.05823"></trkpt>
<trkpt lat="46.94595" lon="3.05781"></trkpt>
<trkpt lat="46.94597" lon="3.05766"></trkpt>
<trkpt lat="46.94601" lon="3.05753"></trkpt>
<trkpt lat="46.9461" lon="3.05729"></trkpt>
<trkpt lat="46.94624" lon="3.05704"></trkpt>
<trkpt lat="46.94642" lon="3.05681"></trkpt>
<trkpt lat="46.94653" lon="3.0567"></trkpt>
<trkpt lat="46.94663" lon="3.05662"></trkpt>
<trkpt lat="46.94716" lon="3.05671"></trkpt>
<trkpt lat="46.94816" lon="3.05682"></trkpt>
<trkpt lat="46.94837" lon="3.0568"></trkpt>
<trkpt lat="46.94854" lon="3.05676"></trkpt>
<trkpt lat="46.94936" lon="3.05647"></trkpt>
<trkpt lat="46.94956" lon="3.05641"></trkpt>
<trkpt lat="46.94971" lon="3.05638"></trkpt>
<trkpt lat="46.94985" lon="3.05638"></trkpt>
<trkpt lat="46.95" lon="3.05639"></trkpt>
<trkpt lat="46.9505" lon="3.05652"></trkpt>
<trkpt lat="46.95073" lon="3.05655"></trkpt>
<trkpt lat="46.95088" lon="3.05654"></trkpt>
<trkpt lat="46.9512" lon="3.05642"></trkpt>
<trkpt lat="46.95187" lon="3.05611"></trkpt>
<trkpt lat="46.95238" lon="3.05589"></trkpt>
<trkpt lat="46.95265" lon="3.0558"></trkpt>
<trkpt lat="46.95265" lon="3.0558"></trkpt>
<trkpt lat="46.95272" lon="3.05578"></trkpt>
<trkpt lat="46.9539" lon="3.05552"></trkpt>
<trkpt lat="46.95442" lon="3.0554"></trkpt>
<trkpt lat="46.95474" lon="3.05539"></trkpt>
<trkpt lat="46.95475" lon="3.05544"></trkpt>
<trkpt lat="46.95478" lon="3.05548"></trkpt>
<trkpt lat="46.95482" lon="3.0555"></trkpt>
<trkpt lat="46.9549" lon="3.05549"></trkpt>
<trkpt lat="46.95493" lon="3.05547"></trkpt>
<trkpt lat="46.95497" lon="3.05539"></trkpt>
<trkpt lat="46.95497" lon="3.05534"></trkpt>
<trkpt lat="46.9551" lon="3.05524"></trkpt>
<trkpt lat="46.95581" lon="3.05499"></trkpt>
<trkpt lat="46.95602" lon="3.05487"></trkpt>
<trkpt lat="46.95621" lon="3.05473"></trkpt>
<trkpt lat="46.95639" lon="3.05457"></trkpt>
<trkpt lat="46.957" lon="3.05403"></trkpt>
<trkpt lat="46.95718" lon="3.05389"></trkpt>
<trkpt lat="46.95726" lon="3.05385"></trkpt>
<trkpt lat="46.95734" lon="3.05383"></trkpt>
<trkpt lat="46.95744" lon="3.05382"></trkpt>
<trkpt lat="46.95753" lon="3.05381"></trkpt>
<trkpt lat="46.95796" lon="3.05383"></trkpt>
<trkpt lat="46.95809" lon="3.05382"></trkpt>
<trkpt lat="46.95818" lon="3.05379"></trkpt>
<trkpt lat="46.95829" lon="3.05374"></trkpt>
<trkpt lat="46.9584" lon="3.05367"></trkpt>
<trkpt lat="46.95887" lon="3.05335"></trkpt>
<trkpt lat="46.95901" lon="3.05328"></trkpt>
<trkpt lat="46.95913" lon="3.05324"></trkpt>
<trkpt lat="46.95924" lon="3.05322"></trkpt>
<trkpt lat="46.95926" lon="3.05327"></trkpt>
<trkpt lat="46.9593" lon="3.05329"></trkpt>
<trkpt lat="46.95934" lon="3.05328"></trkpt>
<trkpt lat="46.95937" lon="3.05325"></trkpt>
<trkpt lat="46.95938" lon="3.0532"></trkpt>
<trkpt lat="46.95962" lon="3.05311"></trkpt>
<trkpt lat="46.96025" lon="3.05281"></trkpt>
<trkpt lat="46.96063" lon="3.05263"></trkpt>
<trkpt lat="46.96081" lon="3.05253"></trkpt>
<trkpt lat="46.96141" lon="3.05224"></trkpt>
<trkpt lat="46.96151" lon="3.05219"></trkpt>
<trkpt lat="46.96159" lon="3.05216"></trkpt>
<trkpt lat="46.9618" lon="3.05207"></trkpt>
<trkpt lat="46.96211" lon="3.05196"></trkpt>
<trkpt lat="46.9622" lon="3.05194"></trkpt>
<trkpt lat="46.96238" lon="3.05187"></trkpt>
<trkpt lat="46.96247" lon="3.05183"></trkpt>
<trkpt lat="46.9626" lon="3.0517"></trkpt>
<trkpt lat="46.96265" lon="3.05163"></trkpt>
<trkpt lat="46.9627" lon="3.05156"></trkpt>
<trkpt lat="46.96332" lon="3.05142"></trkpt>
<trkpt lat="46.96347" lon="3.05136"></trkpt>
<trkpt lat="46.96397" lon="3.05106"></trkpt>
<trkpt lat="46.96418" lon="3.05095"></trkpt>
<trkpt lat="46.96451" lon="3.0508"></trkpt>
<trkpt lat="46.96503" lon="3.05061"></trkpt>
<trkpt lat="46.96574" lon="3.05044"></trkpt>
<trkpt lat="46.96596" lon="3.05037"></trkpt>
<trkpt lat="46.96611" lon="3.05031"></trkpt>
<trkpt lat="46.96627" lon="3.05022"></trkpt>
<trkpt lat="46.96639" lon="3.05013"></trkpt>
<trkpt lat="46.9665" lon="3.05001"></trkpt>
<trkpt lat="46.96682" lon="3.04953"></trkpt>
<trkpt lat="46.96709" lon="3.04911"></trkpt>
<trkpt lat="46.96726" lon="3.04887"></trkpt>
<trkpt lat="46.96736" lon="3.04877"></trkpt>
<trkpt lat="46.96747" lon="3.0487"></trkpt>
<trkpt lat="46.9676" lon="3.04865"></trkpt>
<trkpt lat="46.9681" lon="3.04854"></trkpt>
<trkpt lat="46.96864" lon="3.04839"></trkpt>
<trkpt lat="46.96945" lon="3.04812"></trkpt>
<trkpt lat="46.97038" lon="3.04781"></trkpt>
<trkpt lat="46.97055" lon="3.04776"></trkpt>
<trkpt lat="46.97072" lon="3.04773"></trkpt>
<trkpt lat="46.97095" lon="3.04771"></trkpt>
<trkpt lat="46.97103" lon="3.0477"></trkpt>
<trkpt lat="46.97121" lon="3.04769"></trkpt>
<trkpt lat="46.9714" lon="3.04766"></trkpt>
<trkpt lat="46.9716" lon="3.04759"></trkpt>
<trkpt lat="46.97178" lon="3.04749"></trkpt>
<trkpt lat="46.97227" lon="3.04712"></trkpt>
<trkpt lat="46.97292" lon="3.04652"></trkpt>
<trkpt lat="46.97305" lon="3.04638"></trkpt>
<trkpt lat="46.97315" lon="3.04625"></trkpt>
<trkpt lat="46.97323" lon="3.04611"></trkpt>
<trkpt lat="46.97331" lon="3.04593"></trkpt>
<trkpt lat="46.97366" lon="3.04496"></trkpt>
<trkpt lat="46.97376" lon="3.04478"></trkpt>
<trkpt lat="46.97429" lon="3.04393"></trkpt>
<trkpt lat="46.9744" lon="3.04379"></trkpt>
<trkpt lat="46.97452" lon="3.04368"></trkpt>
<trkpt lat="46.97466" lon="3.04361"></trkpt>
<trkpt lat="46.97482" lon="3.04356"></trkpt>
<trkpt lat="46.97506" lon="3.04353"></trkpt>
<trkpt lat="46.97525" lon="3.04354"></trkpt>
<trkpt lat="46.97546" lon="3.0436"></trkpt>
<trkpt lat="46.97562" lon="3.04369"></trkpt>
<trkpt lat="46.97577" lon="3.04381"></trkpt>
<trkpt lat="46.97616" lon="3.04419"></trkpt>
<trkpt lat="46.97637" lon="3.04435"></trkpt>
<trkpt lat="46.97688" lon="3.04471"></trkpt>
<trkpt lat="46.97713" lon="3.04485"></trkpt>
<trkpt lat="46.97743" lon="3.04499"></trkpt>
<trkpt lat="46.97809" lon="3.04525"></trkpt>
<trkpt lat="46.97843" lon="3.04537"></trkpt>
<trkpt lat="46.97877" lon="3.04545"></trkpt>
<trkpt lat="46.97904" lon="3.04548"></trkpt>
<trkpt lat="46.97926" lon="3.04549"></trkpt>
<trkpt lat="46.97949" lon="3.04548"></trkpt>
<trkpt lat="46.9797" lon="3.04544"></trkpt>
<trkpt lat="46.97992" lon="3.04538"></trkpt>
<trkpt lat="46.98018" lon="3.0453"></trkpt>
<trkpt lat="46.98073" lon="3.0451"></trkpt>
<trkpt lat="46.98205" lon="3.04462"></trkpt>
<trkpt lat="46.98232" lon="3.04454"></trkpt>
<trkpt lat="46.98243" lon="3.04453"></trkpt>
<trkpt lat="46.98251" lon="3.04454"></trkpt>
<trkpt lat="46.98261" lon="3.04457"></trkpt>
<trkpt lat="46.98271" lon="3.04462"></trkpt>
<trkpt lat="46.98292" lon="3.04479"></trkpt>
<trkpt lat="46.98302" lon="3.04493"></trkpt>
<trkpt lat="46.98322" lon="3.04528"></trkpt>
<trkpt lat="46.98332" lon="3.04543"></trkpt>
<trkpt lat="46.98344" lon="3.04557"></trkpt>
<trkpt lat="46.98351" lon="3.04563"></trkpt>
<trkpt lat="46.98358" lon="3.04569"></trkpt>
<trkpt lat="46.98378" lon="3.04579"></trkpt>
<trkpt lat="46.98399" lon="3.04584"></trkpt>
<trkpt lat="46.98549" lon="3.04606"></trkpt>
<trkpt lat="46.98561" lon="3.04608"></trkpt>
<trkpt lat="46.98561" lon="3.04608"></trkpt>
<trkpt lat="46.99168" lon="3.04705"></trkpt>
<trkpt lat="46.99299" lon="3.04727"></trkpt>
<trkpt lat="46.9932" lon="3.04729"></trkpt>
<trkpt lat="46.99335" lon="3.04729"></trkpt>
<trkpt lat="46.99348" lon="3.04727"></trkpt>
<trkpt lat="46.99369" lon="3.04719"></trkpt>
<trkpt lat="46.9938" lon="3.04712"></trkpt>
<trkpt lat="46.99398" lon="3.04695"></trkpt>
<trkpt lat="46.99625" lon="3.04426"></trkpt>
<trkpt lat="46.99643" lon="3.044"></trkpt>
<trkpt lat="46.99656" lon="3.04378"></trkpt>
<trkpt lat="46.99724" lon="3.04245"></trkpt>
<trkpt lat="46.9974" lon="3.04218"></trkpt>
<trkpt lat="46.99754" lon="3.042"></trkpt>
<trkpt lat="46.9977" lon="3.04183"></trkpt>
<trkpt lat="46.99789" lon="3.04166"></trkpt>
<trkpt lat="47.00066" lon="3.03968"></trkpt>
<trkpt lat="47.00149" lon="3.03906"></trkpt>
<trkpt lat="47.00163" lon="3.03898"></trkpt>
<trkpt lat="47.00175" lon="3.03893"></trkpt>
<trkpt lat="47.00188" lon="3.03889"></trkpt>
<trkpt lat="47.00213" lon="3.03884"></trkpt>
<trkpt lat="47.0023" lon="3.0388"></trkpt>
<trkpt lat="47.0025" lon="3.03873"></trkpt>
<trkpt lat="47.00323" lon="3.03839"></trkpt>
<trkpt lat="47.00342" lon="3.0383"></trkpt>
<trkpt lat="47.00358" lon="3.03825"></trkpt>
<trkpt lat="47.00375" lon="3.03822"></trkpt>
<trkpt lat="47.00398" lon="3.03822"></trkpt>
<trkpt lat="47.0042" lon="3.03824"></trkpt>
<trkpt lat="47.00472" lon="3.03831"></trkpt>
<trkpt lat="47.00487" lon="3.03833"></trkpt>
<trkpt lat="47.00487" lon="3.03833"></trkpt>
<trkpt lat="47.00516" lon="3.03837"></trkpt>
<trkpt lat="47.00547" lon="3.03839"></trkpt>
<trkpt lat="47.00575" lon="3.03839"></trkpt>
<trkpt lat="47.006" lon="3.03835"></trkpt>
<trkpt lat="47.00625" lon="3.03828"></trkpt>
<trkpt lat="47.00647" lon="3.0382"></trkpt>
<trkpt lat="47.00663" lon="3.03812"></trkpt>
<trkpt lat="47.00679" lon="3.03802"></trkpt>
<trkpt lat="47.00694" lon="3.03791"></trkpt>
<trkpt lat="47.00734" lon="3.03752"></trkpt>
<trkpt lat="47.00749" lon="3.03742"></trkpt>
<trkpt lat="47.00769" lon="3.03737"></trkpt>
<trkpt lat="47.00914" lon="3.0374"></trkpt>
<trkpt lat="47.01116" lon="3.03743"></trkpt>
<trkpt lat="47.01139" lon="3.03742"></trkpt>
<trkpt lat="47.01146" lon="3.03747"></trkpt>
<trkpt lat="47.01165" lon="3.03754"></trkpt>
<trkpt lat="47.01167" lon="3.03758"></trkpt>
<trkpt lat="47.0117" lon="3.03762"></trkpt>
<trkpt lat="47.01176" lon="3.03763"></trkpt>
<trkpt lat="47.0118" lon="3.03762"></trkpt>
<trkpt lat="47.01185" lon="3.03758"></trkpt>
<trkpt lat="47.01187" lon="3.03755"></trkpt>
<trkpt lat="47.01219" lon="3.03745"></trkpt>
<trkpt lat="47.01255" lon="3.03746"></trkpt>
<trkpt lat="47.01283" lon="3.03745"></trkpt>
<trkpt lat="47.01305" lon="3.03739"></trkpt>
<trkpt lat="47.0133" lon="3.03724"></trkpt>
<trkpt lat="47.01365" lon="3.03694"></trkpt>
<trkpt lat="47.01387" lon="3.03676"></trkpt>
<trkpt lat="47.01407" lon="3.03662"></trkpt>
<trkpt lat="47.01424" lon="3.03652"></trkpt>
<trkpt lat="47.01462" lon="3.03634"></trkpt>
<trkpt lat="47.01473" lon="3.03629"></trkpt>
<trkpt lat="47.01507" lon="3.03607"></trkpt>
<trkpt lat="47.01594" lon="3.03534"></trkpt>
<trkpt lat="47.01617" lon="3.03515"></trkpt>
<trkpt lat="47.01653" lon="3.03484"></trkpt>
<trkpt lat="47.01653" lon="3.03484"></trkpt>
<trkpt lat="47.01668" lon="3.03471"></trkpt>
<trkpt lat="47.01773" lon="3.03384"></trkpt>
<trkpt lat="47.01799" lon="3.03362"></trkpt>
<trkpt lat="47.01964" lon="3.03223"></trkpt>
<trkpt lat="47.0206" lon="3.03143"></trkpt>
<trkpt lat="47.02077" lon="3.03131"></trkpt>
<trkpt lat="47.02092" lon="3.03123"></trkpt>
<trkpt lat="47.02102" lon="3.03119"></trkpt>
<trkpt lat="47.02112" lon="3.03117"></trkpt>
<trkpt lat="47.02129" lon="3.03115"></trkpt>
<trkpt lat="47.02148" lon="3.03117"></trkpt>
<trkpt lat="47.0216" lon="3.03119"></trkpt>
<trkpt lat="47.02198" lon="3.03129"></trkpt>
<trkpt lat="47.02259" lon="3.03145"></trkpt>
<trkpt lat="47.02289" lon="3.03149"></trkpt>
<trkpt lat="47.02298" lon="3.03149"></trkpt>
<trkpt lat="47.02341" lon="3.03146"></trkpt>
<trkpt lat="47.02377" lon="3.03143"></trkpt>
<trkpt lat="47.02447" lon="3.03139"></trkpt>
<trkpt lat="47.02459" lon="3.0314"></trkpt>
<trkpt lat="47.02459" lon="3.03145"></trkpt>
<trkpt lat="47.02461" lon="3.03148"></trkpt>
<trkpt lat="47.02463" lon="3.03149"></trkpt>
<trkpt lat="47.02467" lon="3.03145"></trkpt>
<trkpt lat="47.02467" lon="3.0314"></trkpt>
<trkpt lat="47.02482" lon="3.03136"></trkpt>
<trkpt lat="47.02495" lon="3.03135"></trkpt>
<trkpt lat="47.02507" lon="3.03136"></trkpt>
<trkpt lat="47.02521" lon="3.03139"></trkpt>
<trkpt lat="47.02562" lon="3.03152"></trkpt>
<trkpt lat="47.02597" lon="3.03164"></trkpt>
<trkpt lat="47.02656" lon="3.0318"></trkpt>
<trkpt lat="47.02667" lon="3.03181"></trkpt>
<trkpt lat="47.02687" lon="3.03178"></trkpt>
<trkpt lat="47.02698" lon="3.03174"></trkpt>
<trkpt lat="47.02711" lon="3.03166"></trkpt>
<trkpt lat="47.02717" lon="3.03161"></trkpt>
<trkpt lat="47.02727" lon="3.03148"></trkpt>
<trkpt lat="47.0274" lon="3.0313"></trkpt>
<trkpt lat="47.02749" lon="3.03114"></trkpt>
<trkpt lat="47.0276" lon="3.03093"></trkpt>
<trkpt lat="47.02763" lon="3.03094"></trkpt>
<trkpt lat="47.02767" lon="3.03092"></trkpt>
<trkpt lat="47.02769" lon="3.03089"></trkpt>
<trkpt lat="47.0277" lon="3.03084"></trkpt>
<trkpt lat="47.02783" lon="3.03066"></trkpt>
<trkpt lat="47.02803" lon="3.03036"></trkpt>
<trkpt lat="47.02831" lon="3.02996"></trkpt>
<trkpt lat="47.0285" lon="3.03002"></trkpt>
<trkpt lat="47.02864" lon="3.03001"></trkpt>
<trkpt lat="47.02995" lon="3.02992"></trkpt>
<trkpt lat="47.03078" lon="3.02987"></trkpt>
<trkpt lat="47.03139" lon="3.02983"></trkpt>
<trkpt lat="47.03177" lon="3.0298"></trkpt>
<trkpt lat="47.03188" lon="3.02979"></trkpt>
<trkpt lat="47.03218" lon="3.02977"></trkpt>
<trkpt lat="47.03283" lon="3.02973"></trkpt>
<trkpt lat="47.03324" lon="3.02972"></trkpt>
<trkpt lat="47.03342" lon="3.02974"></trkpt>
<trkpt lat="47.03378" lon="3.0298"></trkpt>
<trkpt lat="47.03414" lon="3.02991"></trkpt>
<trkpt lat="47.03453" lon="3.03009"></trkpt>
<trkpt lat="47.03471" lon="3.0302"></trkpt>
<trkpt lat="47.035" lon="3.0304"></trkpt>
<trkpt lat="47.03533" lon="3.03066"></trkpt>
<trkpt lat="47.03541" lon="3.03074"></trkpt>
<trkpt lat="47.03598" lon="3.0312"></trkpt>
<trkpt lat="47.03626" lon="3.03139"></trkpt>
<trkpt lat="47.03647" lon="3.03151"></trkpt>
<trkpt lat="47.03664" lon="3.03159"></trkpt>
<trkpt lat="47.03692" lon="3.0317"></trkpt>
<trkpt lat="47.03713" lon="3.03176"></trkpt>
<trkpt lat="47.0375" lon="3.03183"></trkpt>
<trkpt lat="47.03897" lon="3.03193"></trkpt>
<trkpt lat="47.03938" lon="3.03192"></trkpt>
<trkpt lat="47.03957" lon="3.03189"></trkpt>
<trkpt lat="47.04025" lon="3.03172"></trkpt>
<trkpt lat="47.04052" lon="3.03165"></trkpt>
<trkpt lat="47.04082" lon="3.03152"></trkpt>
<trkpt lat="47.04109" lon="3.03132"></trkpt>
<trkpt lat="47.04153" lon="3.03086"></trkpt>
<trkpt lat="47.042" lon="3.0304"></trkpt>
<trkpt lat="47.04223" lon="3.03021"></trkpt>
<trkpt lat="47.04252" lon="3.03001"></trkpt>
<trkpt lat="47.04333" lon="3.02952"></trkpt>
<trkpt lat="47.04367" lon="3.02935"></trkpt>
<trkpt lat="47.04488" lon="3.02895"></trkpt>
<trkpt lat="47.04667" lon="3.02838"></trkpt>
<trkpt lat="47.04733" lon="3.02817"></trkpt>
<trkpt lat="47.04797" lon="3.02797"></trkpt>
<trkpt lat="47.04827" lon="3.02786"></trkpt>
<trkpt lat="47.04865" lon="3.02768"></trkpt>
<trkpt lat="47.04881" lon="3.02758"></trkpt>
<trkpt lat="47.04907" lon="3.02741"></trkpt>
<trkpt lat="47.04981" lon="3.02685"></trkpt>
<trkpt lat="47.0502" lon="3.02658"></trkpt>
<trkpt lat="47.0503" lon="3.02651"></trkpt>
<trkpt lat="47.05058" lon="3.02632"></trkpt>
<trkpt lat="47.05108" lon="3.02602"></trkpt>
<trkpt lat="47.05116" lon="3.02597"></trkpt>
<trkpt lat="47.05159" lon="3.02571"></trkpt>
<trkpt lat="47.05178" lon="3.02559"></trkpt>
<trkpt lat="47.05197" lon="3.02545"></trkpt>
<trkpt lat="47.05217" lon="3.02527"></trkpt>
<trkpt lat="47.05232" lon="3.0251"></trkpt>
<trkpt lat="47.05254" lon="3.0248"></trkpt>
<trkpt lat="47.05269" lon="3.02454"></trkpt>
<trkpt lat="47.05282" lon="3.02425"></trkpt>
<trkpt lat="47.05298" lon="3.0238"></trkpt>
<trkpt lat="47.05344" lon="3.02261"></trkpt>
<trkpt lat="47.05363" lon="3.02223"></trkpt>
<trkpt lat="47.05379" lon="3.02197"></trkpt>
<trkpt lat="47.05408" lon="3.02161"></trkpt>
<trkpt lat="47.0543" lon="3.02141"></trkpt>
<trkpt lat="47.05444" lon="3.02132"></trkpt>
<trkpt lat="47.05463" lon="3.02121"></trkpt>
<trkpt lat="47.05477" lon="3.02115"></trkpt>
<trkpt lat="47.05559" lon="3.02085"></trkpt>
<trkpt lat="47.05574" lon="3.02077"></trkpt>
<trkpt lat="47.05587" lon="3.02067"></trkpt>
<trkpt lat="47.05607" lon="3.02045"></trkpt>
<trkpt lat="47.0565" lon="3.01992"></trkpt>
<trkpt lat="47.05662" lon="3.01983"></trkpt>
<trkpt lat="47.05667" lon="3.01981"></trkpt>
<trkpt lat="47.05672" lon="3.01982"></trkpt>
<trkpt lat="47.05678" lon="3.01988"></trkpt>
<trkpt lat="47.05683" lon="3.02001"></trkpt>
<trkpt lat="47.05692" lon="3.02056"></trkpt>
<trkpt lat="47.05697" lon="3.02085"></trkpt>
<trkpt lat="47.05698" lon="3.02096"></trkpt>
<trkpt lat="47.05706" lon="3.02141"></trkpt>
<trkpt lat="47.05715" lon="3.02175"></trkpt>
<trkpt lat="47.0576" lon="3.02296"></trkpt>
<trkpt lat="47.05796" lon="3.02403"></trkpt>
<trkpt lat="47.05818" lon="3.02375"></trkpt>
<trkpt lat="47.05894" lon="3.02281"></trkpt>
<trkpt lat="47.05968" lon="3.0219"></trkpt>
<trkpt lat="47.06026" lon="3.02116"></trkpt>
<trkpt lat="47.06047" lon="3.02092"></trkpt>
<trkpt lat="47.06047" lon="3.02092"></trkpt>
<trkpt lat="47.06054" lon="3.02084"></trkpt>
<trkpt lat="47.06084" lon="3.02049"></trkpt>
<trkpt lat="47.06169" lon="3.01951"></trkpt>
<trkpt lat="47.06241" lon="3.0187"></trkpt>
<trkpt lat="47.06275" lon="3.01842"></trkpt>
<trkpt lat="47.06316" lon="3.01812"></trkpt>
<trkpt lat="47.06441" lon="3.01729"></trkpt>
<trkpt lat="47.06505" lon="3.01684"></trkpt>
<trkpt lat="47.06577" lon="3.01635"></trkpt>
<trkpt lat="47.06611" lon="3.01615"></trkpt>
<trkpt lat="47.06657" lon="3.01584"></trkpt>
<trkpt lat="47.0674" lon="3.01525"></trkpt>
<trkpt lat="47.06774" lon="3.01501"></trkpt>
<trkpt lat="47.06849" lon="3.0144"></trkpt>
<trkpt lat="47.06858" lon="3.01431"></trkpt>
<trkpt lat="47.06874" lon="3.01415"></trkpt>
<trkpt lat="47.06902" lon="3.01385"></trkpt>
<trkpt lat="47.06918" lon="3.01369"></trkpt>
<trkpt lat="47.06946" lon="3.0135"></trkpt>
<trkpt lat="47.06953" lon="3.01347"></trkpt>
<trkpt lat="47.0697" lon="3.0134"></trkpt>
<trkpt lat="47.06991" lon="3.01334"></trkpt>
<trkpt lat="47.0702" lon="3.01329"></trkpt>
<trkpt lat="47.07048" lon="3.01319"></trkpt>
<trkpt lat="47.07059" lon="3.01313"></trkpt>
<trkpt lat="47.0712" lon="3.01275"></trkpt>
<trkpt lat="47.07229" lon="3.01205"></trkpt>
<trkpt lat="47.07268" lon="3.01183"></trkpt>
<trkpt lat="47.0731" lon="3.01168"></trkpt>
<trkpt lat="47.07431" lon="3.01138"></trkpt>
<trkpt lat="47.07469" lon="3.01126"></trkpt>
<trkpt lat="47.0751" lon="3.01107"></trkpt>
<trkpt lat="47.07553" lon="3.01083"></trkpt>
<trkpt lat="47.07584" lon="3.01063"></trkpt>
<trkpt lat="47.07619" lon="3.01033"></trkpt>
<trkpt lat="47.07661" lon="3.00988"></trkpt>
<trkpt lat="47.07817" lon="3.008"></trkpt>
<trkpt lat="47.07893" lon="3.00711"></trkpt>
<trkpt lat="47.0795" lon="3.00648"></trkpt>
<trkpt lat="47.07989" lon="3.00617"></trkpt>
<trkpt lat="47.08031" lon="3.00588"></trkpt>
<trkpt lat="47.0807" lon="3.00567"></trkpt>
<trkpt lat="47.08106" lon="3.00554"></trkpt>
<trkpt lat="47.08232" lon="3.0052"></trkpt>
<trkpt lat="47.08518" lon="3.00443"></trkpt>
<trkpt lat="47.08555" lon="3.00434"></trkpt>
<trkpt lat="47.08576" lon="3.00431"></trkpt>
<trkpt lat="47.08598" lon="3.00431"></trkpt>
<trkpt lat="47.0862" lon="3.00434"></trkpt>
<trkpt lat="47.08641" lon="3.00439"></trkpt>
<trkpt lat="47.0867" lon="3.00449"></trkpt>
<trkpt lat="47.08703" lon="3.00461"></trkpt>
<trkpt lat="47.08775" lon="3.0048"></trkpt>
<trkpt lat="47.08794" lon="3.00484"></trkpt>
<trkpt lat="47.08812" lon="3.0049"></trkpt>
<trkpt lat="47.08826" lon="3.00498"></trkpt>
<trkpt lat="47.08834" lon="3.00505"></trkpt>
<trkpt lat="47.08852" lon="3.00528"></trkpt>
<trkpt lat="47.08883" lon="3.00575"></trkpt>
<trkpt lat="47.08888" lon="3.00581"></trkpt>
<trkpt lat="47.08905" lon="3.00596"></trkpt>
<trkpt lat="47.08932" lon="3.0061"></trkpt>
<trkpt lat="47.08984" lon="3.00634"></trkpt>
<trkpt lat="47.09017" lon="3.0065"></trkpt>
<trkpt lat="47.09054" lon="3.00669"></trkpt>
<trkpt lat="47.09083" lon="3.00682"></trkpt>
<trkpt lat="47.091" lon="3.00688"></trkpt>
<trkpt lat="47.09111" lon="3.0069"></trkpt>
<trkpt lat="47.09126" lon="3.0069"></trkpt>
<trkpt lat="47.09146" lon="3.00687"></trkpt>
<trkpt lat="47.09172" lon="3.00683"></trkpt>
<trkpt lat="47.09204" lon="3.00677"></trkpt>
<trkpt lat="47.09236" lon="3.00673"></trkpt>
<trkpt lat="47.09263" lon="3.0067"></trkpt>
<trkpt lat="47.09333" lon="3.00663"></trkpt>
<trkpt lat="47.09344" lon="3.0066"></trkpt>
<trkpt lat="47.0935" lon="3.00657"></trkpt>
<trkpt lat="47.09356" lon="3.00653"></trkpt>
<trkpt lat="47.0936" lon="3.00648"></trkpt>
<trkpt lat="47.09364" lon="3.00642"></trkpt>
<trkpt lat="47.09374" lon="3.00617"></trkpt>
<trkpt lat="47.09379" lon="3.006"></trkpt>
<trkpt lat="47.09389" lon="3.00568"></trkpt>
<trkpt lat="47.09396" lon="3.00548"></trkpt>
<trkpt lat="47.09407" lon="3.00526"></trkpt>
<trkpt lat="47.09414" lon="3.00531"></trkpt>
<trkpt lat="47.09421" lon="3.00528"></trkpt>
<trkpt lat="47.09433" lon="3.0054"></trkpt>
<trkpt lat="47.09449" lon="3.00553"></trkpt>
<trkpt lat="47.09477" lon="3.0057"></trkpt>
<trkpt lat="47.09491" lon="3.00577"></trkpt>
<trkpt lat="47.09507" lon="3.00583"></trkpt>
<trkpt lat="47.09529" lon="3.0059"></trkpt>
<trkpt lat="47.09576" lon="3.006"></trkpt>
<trkpt lat="47.09601" lon="3.00605"></trkpt>
<trkpt lat="47.09624" lon="3.00612"></trkpt>
<trkpt lat="47.0964" lon="3.0062"></trkpt>
<trkpt lat="47.09668" lon="3.00639"></trkpt>
<trkpt lat="47.0972" lon="3.00686"></trkpt>
<trkpt lat="47.0974" lon="3.00706"></trkpt>
<trkpt lat="47.09756" lon="3.00724"></trkpt>
<trkpt lat="47.09771" lon="3.00745"></trkpt>
<trkpt lat="47.09785" lon="3.00767"></trkpt>
<trkpt lat="47.09797" lon="3.0079"></trkpt>
<trkpt lat="47.09794" lon="3.00796"></trkpt>
<trkpt lat="47.09793" lon="3.00803"></trkpt>
<trkpt lat="47.09794" lon="3.0081"></trkpt>
<trkpt lat="47.09797" lon="3.00815"></trkpt>
<trkpt lat="47.09801" lon="3.00818"></trkpt>
<trkpt lat="47.09805" lon="3.00819"></trkpt>
<trkpt lat="47.0981" lon="3.00818"></trkpt>
<trkpt lat="47.0983" lon="3.00849"></trkpt>
<trkpt lat="47.09846" lon="3.00871"></trkpt>
<trkpt lat="47.09862" lon="3.0089"></trkpt>
<trkpt lat="47.09875" lon="3.00903"></trkpt>
<trkpt lat="47.0989" lon="3.00915"></trkpt>
<trkpt lat="47.09911" lon="3.00928"></trkpt>
<trkpt lat="47.09936" lon="3.00941"></trkpt>
<trkpt lat="47.0996" lon="3.00954"></trkpt>
<trkpt lat="47.0999" lon="3.00968"></trkpt>
<trkpt lat="47.10016" lon="3.00976"></trkpt>
<trkpt lat="47.10039" lon="3.0098"></trkpt>
<trkpt lat="47.1006" lon="3.00981"></trkpt>
<trkpt lat="47.10081" lon="3.00978"></trkpt>
<trkpt lat="47.10099" lon="3.00974"></trkpt>
<trkpt lat="47.10115" lon="3.00968"></trkpt>
<trkpt lat="47.10186" lon="3.00933"></trkpt>
<trkpt lat="47.10207" lon="3.00926"></trkpt>
<trkpt lat="47.1023" lon="3.00921"></trkpt>
<trkpt lat="47.10253" lon="3.00919"></trkpt>
<trkpt lat="47.10499" lon="3.00916"></trkpt>
<trkpt lat="47.10588" lon="3.00915"></trkpt>
<trkpt lat="47.10608" lon="3.00915"></trkpt>
<trkpt lat="47.1063" lon="3.00915"></trkpt>
<trkpt lat="47.10654" lon="3.00915"></trkpt>
<trkpt lat="47.10709" lon="3.00911"></trkpt>
<trkpt lat="47.10761" lon="3.00903"></trkpt>
<trkpt lat="47.10782" lon="3.00901"></trkpt>
<trkpt lat="47.1082" lon="3.009"></trkpt>
<trkpt lat="47.1088" lon="3.00896"></trkpt>
<trkpt lat="47.10969" lon="3.00889"></trkpt>
<trkpt lat="47.10969" lon="3.00889"></trkpt>
<trkpt lat="47.11053" lon="3.00882"></trkpt>
<trkpt lat="47.11152" lon="3.00879"></trkpt>
<trkpt lat="47.11187" lon="3.00876"></trkpt>
<trkpt lat="47.11283" lon="3.00868"></trkpt>
<trkpt lat="47.11341" lon="3.00865"></trkpt>
<trkpt lat="47.11393" lon="3.00866"></trkpt>
<trkpt lat="47.11464" lon="3.00873"></trkpt>
<trkpt lat="47.11504" lon="3.00875"></trkpt>
<trkpt lat="47.11557" lon="3.00876"></trkpt>
<trkpt lat="47.11674" lon="3.00875"></trkpt>
<trkpt lat="47.11735" lon="3.00871"></trkpt>
<trkpt lat="47.11825" lon="3.00863"></trkpt>
<trkpt lat="47.11918" lon="3.00854"></trkpt>
<trkpt lat="47.1196" lon="3.00848"></trkpt>
<trkpt lat="47.1201" lon="3.00838"></trkpt>
<trkpt lat="47.12032" lon="3.00832"></trkpt>
<trkpt lat="47.12089" lon="3.00814"></trkpt>
<trkpt lat="47.12103" lon="3.00811"></trkpt>
<trkpt lat="47.12169" lon="3.00801"></trkpt>
<trkpt lat="47.12252" lon="3.00784"></trkpt>
<trkpt lat="47.12393" lon="3.00752"></trkpt>
<trkpt lat="47.12426" lon="3.00745"></trkpt>
<trkpt lat="47.12697" lon="3.00685"></trkpt>
<trkpt lat="47.12768" lon="3.00668"></trkpt>
<trkpt lat="47.12836" lon="3.00649"></trkpt>
<trkpt lat="47.13139" lon="3.00559"></trkpt>
<trkpt lat="47.13139" lon="3.00559"></trkpt>
<trkpt lat="47.13329" lon="3.00502"></trkpt>
<trkpt lat="47.13404" lon="3.00479"></trkpt>
<trkpt lat="47.1347" lon="3.00457"></trkpt>
<trkpt lat="47.1351" lon="3.00443"></trkpt>
<trkpt lat="47.13576" lon="3.00423"></trkpt>
<trkpt lat="47.13611" lon="3.00414"></trkpt>
<trkpt lat="47.13635" lon="3.00409"></trkpt>
<trkpt lat="47.13665" lon="3.00405"></trkpt>
<trkpt lat="47.13761" lon="3.00396"></trkpt>
<trkpt lat="47.13835" lon="3.00387"></trkpt>
<trkpt lat="47.13854" lon="3.00383"></trkpt>
<trkpt lat="47.1388" lon="3.00375"></trkpt>
<trkpt lat="47.13884" lon="3.00358"></trkpt>
<trkpt lat="47.1389" lon="3.00344"></trkpt>
<trkpt lat="47.13896" lon="3.00337"></trkpt>
<trkpt lat="47.13904" lon="3.00331"></trkpt>
<trkpt lat="47.14062" lon="3.0026"></trkpt>
<trkpt lat="47.14081" lon="3.0025"></trkpt>
<trkpt lat="47.14098" lon="3.00239"></trkpt>
<trkpt lat="47.14115" lon="3.00226"></trkpt>
<trkpt lat="47.14134" lon="3.00209"></trkpt>
<trkpt lat="47.1415" lon="3.00192"></trkpt>
<trkpt lat="47.14247" lon="3.00081"></trkpt>
<trkpt lat="47.1426" lon="3.00068"></trkpt>
<trkpt lat="47.14277" lon="3.00054"></trkpt>
<trkpt lat="47.14296" lon="3.00042"></trkpt>
<trkpt lat="47.14413" lon="2.99991"></trkpt>
<trkpt lat="47.14434" lon="2.99979"></trkpt>
<trkpt lat="47.1445" lon="2.99967"></trkpt>
<trkpt lat="47.14465" lon="2.9995"></trkpt>
<trkpt lat="47.14478" lon="2.99927"></trkpt>
<trkpt lat="47.14514" lon="2.9984"></trkpt>
<trkpt lat="47.14522" lon="2.99826"></trkpt>
<trkpt lat="47.14532" lon="2.99814"></trkpt>
<trkpt lat="47.14542" lon="2.99805"></trkpt>
<trkpt lat="47.14553" lon="2.99797"></trkpt>
<trkpt lat="47.14566" lon="2.9979"></trkpt>
<trkpt lat="47.14616" lon="2.99774"></trkpt>
<trkpt lat="47.14645" lon="2.99758"></trkpt>
<trkpt lat="47.14658" lon="2.99748"></trkpt>
<trkpt lat="47.14669" lon="2.99738"></trkpt>
<trkpt lat="47.14691" lon="2.99713"></trkpt>
<trkpt lat="47.147" lon="2.99698"></trkpt>
<trkpt lat="47.14709" lon="2.9968"></trkpt>
<trkpt lat="47.14738" lon="2.99603"></trkpt>
<trkpt lat="47.14748" lon="2.99582"></trkpt>
<trkpt lat="47.14757" lon="2.99567"></trkpt>
<trkpt lat="47.14772" lon="2.99549"></trkpt>
<trkpt lat="47.14813" lon="2.99511"></trkpt>
<trkpt lat="47.14827" lon="2.99495"></trkpt>
<trkpt lat="47.1484" lon="2.99477"></trkpt>
<trkpt lat="47.14863" lon="2.9944"></trkpt>
<trkpt lat="47.1488" lon="2.99417"></trkpt>
<trkpt lat="47.14897" lon="2.99399"></trkpt>
<trkpt lat="47.14909" lon="2.99391"></trkpt>
<trkpt lat="47.14925" lon="2.99383"></trkpt>
<trkpt lat="47.14984" lon="2.99361"></trkpt>
<trkpt lat="47.15049" lon="2.99338"></trkpt>
<trkpt lat="47.15081" lon="2.99325"></trkpt>
<trkpt lat="47.15176" lon="2.9928"></trkpt>
<trkpt lat="47.15235" lon="2.99256"></trkpt>
<trkpt lat="47.15293" lon="2.99234"></trkpt>
<trkpt lat="47.15341" lon="2.99218"></trkpt>
<trkpt lat="47.1545" lon="2.99189"></trkpt>
<trkpt lat="47.15471" lon="2.99184"></trkpt>
<trkpt lat="47.15488" lon="2.99182"></trkpt>
<trkpt lat="47.15498" lon="2.99182"></trkpt>
<trkpt lat="47.1551" lon="2.99185"></trkpt>
<trkpt lat="47.15524" lon="2.9919"></trkpt>
<trkpt lat="47.15536" lon="2.99197"></trkpt>
<trkpt lat="47.15557" lon="2.99207"></trkpt>
<trkpt lat="47.15574" lon="2.99213"></trkpt>
<trkpt lat="47.15592" lon="2.99216"></trkpt>
<trkpt lat="47.15641" lon="2.99212"></trkpt>
<trkpt lat="47.15857" lon="2.99185"></trkpt>
<trkpt lat="47.15857" lon="2.99185"></trkpt>
<trkpt lat="47.15875" lon="2.99183"></trkpt>
<trkpt lat="47.15907" lon="2.99177"></trkpt>
<trkpt lat="47.15932" lon="2.9917"></trkpt>
<trkpt lat="47.15961" lon="2.99157"></trkpt>
<trkpt lat="47.16015" lon="2.99129"></trkpt>
<trkpt lat="47.16311" lon="2.98981"></trkpt>
<trkpt lat="47.16345" lon="2.98967"></trkpt>
<trkpt lat="47.16373" lon="2.98957"></trkpt>
<trkpt lat="47.16391" lon="2.98952"></trkpt>
<trkpt lat="47.16556" lon="2.98906"></trkpt>
<trkpt lat="47.16586" lon="2.98899"></trkpt>
<trkpt lat="47.16598" lon="2.98898"></trkpt>
<trkpt lat="47.1661" lon="2.98899"></trkpt>
<trkpt lat="47.16618" lon="2.98901"></trkpt>
<trkpt lat="47.16641" lon="2.98914"></trkpt>
<trkpt lat="47.16761" lon="2.9901"></trkpt>
<trkpt lat="47.16778" lon="2.99021"></trkpt>
<trkpt lat="47.16791" lon="2.99084"></trkpt>
<trkpt lat="47.16801" lon="2.99117"></trkpt>
<trkpt lat="47.16928" lon="2.99047"></trkpt>
<trkpt lat="47.16946" lon="2.99037"></trkpt>
<trkpt lat="47.16964" lon="2.9903"></trkpt>
<trkpt lat="47.17103" lon="2.98989"></trkpt>
<trkpt lat="47.17187" lon="2.98961"></trkpt>
<trkpt lat="47.17267" lon="2.98948"></trkpt>
<trkpt lat="47.17301" lon="2.98943"></trkpt>
<trkpt lat="47.17306" lon="2.98941"></trkpt>
<trkpt lat="47.17313" lon="2.98935"></trkpt>
<trkpt lat="47.1732" lon="2.98926"></trkpt>
<trkpt lat="47.17345" lon="2.98884"></trkpt>
<trkpt lat="47.17355" lon="2.98872"></trkpt>
<trkpt lat="47.17367" lon="2.98864"></trkpt>
<trkpt lat="47.17412" lon="2.98846"></trkpt>
<trkpt lat="47.17609" lon="2.98775"></trkpt>
<trkpt lat="47.17655" lon="2.98758"></trkpt>
<trkpt lat="47.17687" lon="2.98751"></trkpt>
<trkpt lat="47.17707" lon="2.98751"></trkpt>
<trkpt lat="47.17752" lon="2.98759"></trkpt>
<trkpt lat="47.17765" lon="2.98757"></trkpt>
<trkpt lat="47.17846" lon="2.98726"></trkpt>
<trkpt lat="47.17886" lon="2.9871"></trkpt>
<trkpt lat="47.17943" lon="2.98685"></trkpt>
<trkpt lat="47.18034" lon="2.9866"></trkpt>
<trkpt lat="47.18079" lon="2.98645"></trkpt>
<trkpt lat="47.18171" lon="2.98612"></trkpt>
<trkpt lat="47.18289" lon="2.98557"></trkpt>
<trkpt lat="47.18324" lon="2.98545"></trkpt>
<trkpt lat="47.18398" lon="2.98527"></trkpt>
<trkpt lat="47.18433" lon="2.9852"></trkpt>
<trkpt lat="47.18433" lon="2.9852"></trkpt>
<trkpt lat="47.18467" lon="2.98514"></trkpt>
<trkpt lat="47.18522" lon="2.98499"></trkpt>
<trkpt lat="47.18561" lon="2.98486"></trkpt>
<trkpt lat="47.18578" lon="2.98477"></trkpt>
<trkpt lat="47.18612" lon="2.98435"></trkpt>
<trkpt lat="47.18653" lon="2.98382"></trkpt>
<trkpt lat="47.18725" lon="2.98297"></trkpt>
<trkpt lat="47.1874" lon="2.98277"></trkpt>
<trkpt lat="47.18749" lon="2.98269"></trkpt>
<trkpt lat="47.18773" lon="2.98256"></trkpt>
<trkpt lat="47.18819" lon="2.98238"></trkpt>
<trkpt lat="47.18864" lon="2.98226"></trkpt>
<trkpt lat="47.18886" lon="2.98218"></trkpt>
<trkpt lat="47.18917" lon="2.98202"></trkpt>
<trkpt lat="47.18951" lon="2.98186"></trkpt>
<trkpt lat="47.18958" lon="2.98184"></trkpt>
<trkpt lat="47.19056" lon="2.9815"></trkpt>
<trkpt lat="47.19126" lon="2.98132"></trkpt>
<trkpt lat="47.19154" lon="2.98127"></trkpt>
<trkpt lat="47.19177" lon="2.9812"></trkpt>
<trkpt lat="47.19287" lon="2.98075"></trkpt>
<trkpt lat="47.19306" lon="2.98071"></trkpt>
<trkpt lat="47.19333" lon="2.98061"></trkpt>
<trkpt lat="47.19435" lon="2.9802"></trkpt>
<trkpt lat="47.19463" lon="2.98005"></trkpt>
<trkpt lat="47.19489" lon="2.97989"></trkpt>
<trkpt lat="47.19554" lon="2.97942"></trkpt>
<trkpt lat="47.19594" lon="2.97913"></trkpt>
<trkpt lat="47.19659" lon="2.97866"></trkpt>
<trkpt lat="47.1985" lon="2.97727"></trkpt>
<trkpt lat="47.19951" lon="2.97658"></trkpt>
<trkpt lat="47.20006" lon="2.97614"></trkpt>
<trkpt lat="47.20007" lon="2.97626"></trkpt>
<trkpt lat="47.2001" lon="2.97635"></trkpt>
<trkpt lat="47.20013" lon="2.97646"></trkpt>
<trkpt lat="47.20017" lon="2.97659"></trkpt>
<trkpt lat="47.20034" lon="2.97699"></trkpt>
<trkpt lat="47.20037" lon="2.97709"></trkpt>
<trkpt lat="47.20039" lon="2.9772"></trkpt>
<trkpt lat="47.20038" lon="2.9774"></trkpt>
<trkpt lat="47.20051" lon="2.97754"></trkpt>
<trkpt lat="47.2013" lon="2.97711"></trkpt>
<trkpt lat="47.20172" lon="2.97683"></trkpt>
<trkpt lat="47.20223" lon="2.97644"></trkpt>
<trkpt lat="47.20267" lon="2.97607"></trkpt>
<trkpt lat="47.20299" lon="2.97588"></trkpt>
<trkpt lat="47.20318" lon="2.97575"></trkpt>
<trkpt lat="47.2036" lon="2.97528"></trkpt>
<trkpt lat="47.20426" lon="2.97473"></trkpt>
<trkpt lat="47.20465" lon="2.9743"></trkpt>
<trkpt lat="47.20483" lon="2.97415"></trkpt>
<trkpt lat="47.20514" lon="2.97393"></trkpt>
<trkpt lat="47.20543" lon="2.97367"></trkpt>
<trkpt lat="47.20715" lon="2.97197"></trkpt>
<trkpt lat="47.20854" lon="2.9705"></trkpt>
<trkpt lat="47.20878" lon="2.97023"></trkpt>
<trkpt lat="47.20978" lon="2.96889"></trkpt>
<trkpt lat="47.21003" lon="2.96868"></trkpt>
<trkpt lat="47.21036" lon="2.96854"></trkpt>
<trkpt lat="47.21049" lon="2.96846"></trkpt>
<trkpt lat="47.21089" lon="2.96809"></trkpt>
<trkpt lat="47.21129" lon="2.96768"></trkpt>
<trkpt lat="47.21169" lon="2.9673"></trkpt>
<trkpt lat="47.21204" lon="2.967"></trkpt>
<trkpt lat="47.21243" lon="2.96672"></trkpt>
<trkpt lat="47.21267" lon="2.96656"></trkpt>
<trkpt lat="47.21267" lon="2.96656"></trkpt>
<trkpt lat="47.21354" lon="2.96597"></trkpt>
<trkpt lat="47.21398" lon="2.9657"></trkpt>
<trkpt lat="47.21408" lon="2.96559"></trkpt>
<trkpt lat="47.21417" lon="2.96544"></trkpt>
<trkpt lat="47.21424" lon="2.96526"></trkpt>
<trkpt lat="47.2143" lon="2.96504"></trkpt>
<trkpt lat="47.21437" lon="2.96433"></trkpt>
<trkpt lat="47.21446" lon="2.96419"></trkpt>
<trkpt lat="47.21536" lon="2.96349"></trkpt>
<trkpt lat="47.2163" lon="2.96276"></trkpt>
<trkpt lat="47.21657" lon="2.96259"></trkpt>
<trkpt lat="47.21667" lon="2.96253"></trkpt>
<trkpt lat="47.21688" lon="2.96241"></trkpt>
<trkpt lat="47.21701" lon="2.96238"></trkpt>
<trkpt lat="47.21746" lon="2.96232"></trkpt>
<trkpt lat="47.21776" lon="2.96222"></trkpt>
<trkpt lat="47.21798" lon="2.96212"></trkpt>
<trkpt lat="47.21818" lon="2.96201"></trkpt>
<trkpt lat="47.21827" lon="2.96191"></trkpt>
<trkpt lat="47.21872" lon="2.9613"></trkpt>
<trkpt lat="47.21911" lon="2.96085"></trkpt>
<trkpt lat="47.21926" lon="2.9606"></trkpt>
<trkpt lat="47.21931" lon="2.96046"></trkpt>
<trkpt lat="47.21933" lon="2.96042"></trkpt>
<trkpt lat="47.21936" lon="2.96023"></trkpt>
<trkpt lat="47.2194" lon="2.95983"></trkpt>
<trkpt lat="47.2194" lon="2.95978"></trkpt>
<trkpt lat="47.21945" lon="2.9596"></trkpt>
<trkpt lat="47.21952" lon="2.95946"></trkpt>
<trkpt lat="47.21965" lon="2.95932"></trkpt>
<trkpt lat="47.21985" lon="2.95914"></trkpt>
<trkpt lat="47.21999" lon="2.95904"></trkpt>
<trkpt lat="47.22013" lon="2.95899"></trkpt>
<trkpt lat="47.22098" lon="2.95881"></trkpt>
<trkpt lat="47.22167" lon="2.95842"></trkpt>
<trkpt lat="47.22268" lon="2.95774"></trkpt>
<trkpt lat="47.22292" lon="2.9576"></trkpt>
<trkpt lat="47.22303" lon="2.95755"></trkpt>
<trkpt lat="47.22345" lon="2.95737"></trkpt>
<trkpt lat="47.22362" lon="2.9573"></trkpt>
<trkpt lat="47.2239" lon="2.95715"></trkpt>
<trkpt lat="47.22418" lon="2.95679"></trkpt>
<trkpt lat="47.22428" lon="2.9566"></trkpt>
<trkpt lat="47.22453" lon="2.95623"></trkpt>
<trkpt lat="47.2251" lon="2.95549"></trkpt>
<trkpt lat="47.22537" lon="2.955"></trkpt>
<trkpt lat="47.2254" lon="2.95494"></trkpt>
<trkpt lat="47.2254" lon="2.95494"></trkpt>
<trkpt lat="47.22554" lon="2.95461"></trkpt>
<trkpt lat="47.22572" lon="2.95427"></trkpt>
<trkpt lat="47.22583" lon="2.95411"></trkpt>
<trkpt lat="47.22592" lon="2.95399"></trkpt>
<trkpt lat="47.22639" lon="2.9536"></trkpt>
<trkpt lat="47.22621" lon="2.95272"></trkpt>
<trkpt lat="47.22621" lon="2.95259"></trkpt>
<trkpt lat="47.22624" lon="2.95246"></trkpt>
<trkpt lat="47.22627" lon="2.95239"></trkpt>
<trkpt lat="47.22634" lon="2.9523"></trkpt>
<trkpt lat="47.22661" lon="2.95215"></trkpt>
<trkpt lat="47.22682" lon="2.95209"></trkpt>
<trkpt lat="47.22706" lon="2.95206"></trkpt>
<trkpt lat="47.22731" lon="2.952"></trkpt>
<trkpt lat="47.22773" lon="2.95184"></trkpt>
<trkpt lat="47.22821" lon="2.95161"></trkpt>
<trkpt lat="47.22872" lon="2.95142"></trkpt>
<trkpt lat="47.22916" lon="2.95122"></trkpt>
<trkpt lat="47.2295" lon="2.95109"></trkpt>
<trkpt lat="47.2296" lon="2.95106"></trkpt>
<trkpt lat="47.22996" lon="2.95105"></trkpt>
<trkpt lat="47.23047" lon="2.95097"></trkpt>
<trkpt lat="47.23077" lon="2.95089"></trkpt>
<trkpt lat="47.23091" lon="2.95082"></trkpt>
<trkpt lat="47.23144" lon="2.95061"></trkpt>
<trkpt lat="47.23203" lon="2.95025"></trkpt>
<trkpt lat="47.23289" lon="2.94957"></trkpt>
<trkpt lat="47.23293" lon="2.94956"></trkpt>
<trkpt lat="47.23309" lon="2.94957"></trkpt>
<trkpt lat="47.23334" lon="2.94961"></trkpt>
<trkpt lat="47.23362" lon="2.94979"></trkpt>
<trkpt lat="47.23393" lon="2.94994"></trkpt>
<trkpt lat="47.2341" lon="2.94993"></trkpt>
<trkpt lat="47.23438" lon="2.94988"></trkpt>
<trkpt lat="47.23472" lon="2.94979"></trkpt>
<trkpt lat="47.23488" lon="2.9497"></trkpt>
<trkpt lat="47.23505" lon="2.94953"></trkpt>
<trkpt lat="47.23525" lon="2.94938"></trkpt>
<trkpt lat="47.23553" lon="2.94922"></trkpt>
<trkpt lat="47.23586" lon="2.94906"></trkpt>
<trkpt lat="47.23605" lon="2.949"></trkpt>
<trkpt lat="47.23639" lon="2.94896"></trkpt>
<trkpt lat="47.23678" lon="2.94894"></trkpt>
<trkpt lat="47.23688" lon="2.94892"></trkpt>
<trkpt lat="47.23701" lon="2.94886"></trkpt>
<trkpt lat="47.23731" lon="2.94864"></trkpt>
<trkpt lat="47.23756" lon="2.94841"></trkpt>
<trkpt lat="47.23764" lon="2.9483"></trkpt>
<trkpt lat="47.23764" lon="2.9483"></trkpt>
<trkpt lat="47.23766" lon="2.94828"></trkpt>
<trkpt lat="47.23809" lon="2.94742"></trkpt>
<trkpt lat="47.2382" lon="2.94727"></trkpt>
<trkpt lat="47.23849" lon="2.94696"></trkpt>
<trkpt lat="47.23905" lon="2.94644"></trkpt>
<trkpt lat="47.23916" lon="2.94639"></trkpt>
<trkpt lat="47.23929" lon="2.94637"></trkpt>
<trkpt lat="47.23973" lon="2.94639"></trkpt>
<trkpt lat="47.23985" lon="2.94637"></trkpt>
<trkpt lat="47.23991" lon="2.94633"></trkpt>
<trkpt lat="47.23997" lon="2.94626"></trkpt>
<trkpt lat="47.24015" lon="2.946"></trkpt>
<trkpt lat="47.2403" lon="2.94583"></trkpt>
<trkpt lat="47.24045" lon="2.94567"></trkpt>
<trkpt lat="47.24063" lon="2.94552"></trkpt>
<trkpt lat="47.24093" lon="2.9453"></trkpt>
<trkpt lat="47.24197" lon="2.94467"></trkpt>
<trkpt lat="47.24271" lon="2.94424"></trkpt>
<trkpt lat="47.24312" lon="2.94398"></trkpt>
<trkpt lat="47.24335" lon="2.94379"></trkpt>
<trkpt lat="47.24373" lon="2.94344"></trkpt>
<trkpt lat="47.24425" lon="2.94292"></trkpt>
<trkpt lat="47.24463" lon="2.94247"></trkpt>
<trkpt lat="47.24491" lon="2.9421"></trkpt>
<trkpt lat="47.2451" lon="2.94192"></trkpt>
<trkpt lat="47.24552" lon="2.94158"></trkpt>
<trkpt lat="47.24573" lon="2.94145"></trkpt>
<trkpt lat="47.246" lon="2.94138"></trkpt>
<trkpt lat="47.24636" lon="2.94131"></trkpt>
<trkpt lat="47.24658" lon="2.94132"></trkpt>
<trkpt lat="47.24682" lon="2.94139"></trkpt>
<trkpt lat="47.24702" lon="2.94138"></trkpt>
<trkpt lat="47.24812" lon="2.94098"></trkpt>
<trkpt lat="47.249" lon="2.94066"></trkpt>
<trkpt lat="47.24931" lon="2.94053"></trkpt>
<trkpt lat="47.24961" lon="2.94041"></trkpt>
<trkpt lat="47.25065" lon="2.93995"></trkpt>
<trkpt lat="47.25234" lon="2.93917"></trkpt>
<trkpt lat="47.25247" lon="2.93913"></trkpt>
<trkpt lat="47.25271" lon="2.93911"></trkpt>
<trkpt lat="47.25358" lon="2.93923"></trkpt>
<trkpt lat="47.25385" lon="2.93923"></trkpt>
<trkpt lat="47.25451" lon="2.93915"></trkpt>
<trkpt lat="47.25485" lon="2.93915"></trkpt>
<trkpt lat="47.25523" lon="2.93924"></trkpt>
<trkpt lat="47.25601" lon="2.9394"></trkpt>
<trkpt lat="47.25628" lon="2.93943"></trkpt>
<trkpt lat="47.25647" lon="2.93941"></trkpt>
<trkpt lat="47.25661" lon="2.93937"></trkpt>
<trkpt lat="47.25757" lon="2.93892"></trkpt>
<trkpt lat="47.25768" lon="2.93887"></trkpt>
<trkpt lat="47.25777" lon="2.93879"></trkpt>
<trkpt lat="47.25789" lon="2.93855"></trkpt>
<trkpt lat="47.25804" lon="2.93782"></trkpt>
<trkpt lat="47.25809" lon="2.9377"></trkpt>
<trkpt lat="47.25816" lon="2.93761"></trkpt>
<trkpt lat="47.25825" lon="2.93755"></trkpt>
<trkpt lat="47.25843" lon="2.93748"></trkpt>
<trkpt lat="47.25913" lon="2.93728"></trkpt>
<trkpt lat="47.25922" lon="2.93727"></trkpt>
<trkpt lat="47.25935" lon="2.93729"></trkpt>
<trkpt lat="47.25944" lon="2.93731"></trkpt>
<trkpt lat="47.25961" lon="2.93731"></trkpt>
<trkpt lat="47.25971" lon="2.93729"></trkpt>
<trkpt lat="47.25979" lon="2.93724"></trkpt>
<trkpt lat="47.26" lon="2.93712"></trkpt>
<trkpt lat="47.26018" lon="2.93706"></trkpt>
<trkpt lat="47.26059" lon="2.93699"></trkpt>
<trkpt lat="47.26068" lon="2.93694"></trkpt>
<trkpt lat="47.26087" lon="2.93675"></trkpt>
<trkpt lat="47.26099" lon="2.93668"></trkpt>
<trkpt lat="47.26102" lon="2.93671"></trkpt>
<trkpt lat="47.26149" lon="2.93649"></trkpt>
<trkpt lat="47.26189" lon="2.93625"></trkpt>
<trkpt lat="47.26536" lon="2.93374"></trkpt>
<trkpt lat="47.2668" lon="2.93269"></trkpt>
<trkpt lat="47.2668" lon="2.93269"></trkpt>
<trkpt lat="47.26757" lon="2.93213"></trkpt>
<trkpt lat="47.26796" lon="2.93187"></trkpt>
<trkpt lat="47.26808" lon="2.93182"></trkpt>
<trkpt lat="47.26819" lon="2.9318"></trkpt>
<trkpt lat="47.26835" lon="2.93179"></trkpt>
<trkpt lat="47.26886" lon="2.93182"></trkpt>
<trkpt lat="47.26917" lon="2.93181"></trkpt>
<trkpt lat="47.26945" lon="2.93178"></trkpt>
<trkpt lat="47.27004" lon="2.9317"></trkpt>
<trkpt lat="47.27016" lon="2.93167"></trkpt>
<trkpt lat="47.27028" lon="2.93161"></trkpt>
<trkpt lat="47.27039" lon="2.93153"></trkpt>
<trkpt lat="47.27053" lon="2.9314"></trkpt>
<trkpt lat="47.27061" lon="2.93132"></trkpt>
<trkpt lat="47.27077" lon="2.93113"></trkpt>
<trkpt lat="47.27084" lon="2.93102"></trkpt>
<trkpt lat="47.27089" lon="2.9309"></trkpt>
<trkpt lat="47.27093" lon="2.93076"></trkpt>
<trkpt lat="47.2711" lon="2.92996"></trkpt>
<trkpt lat="47.27114" lon="2.92984"></trkpt>
<trkpt lat="47.27119" lon="2.92974"></trkpt>
<trkpt lat="47.27126" lon="2.92965"></trkpt>
<trkpt lat="47.27138" lon="2.92953"></trkpt>
<trkpt lat="47.27264" lon="2.92857"></trkpt>
<trkpt lat="47.27304" lon="2.92827"></trkpt>
<trkpt lat="47.27398" lon="2.92754"></trkpt>
<trkpt lat="47.27409" lon="2.92744"></trkpt>
<trkpt lat="47.2743" lon="2.92725"></trkpt>
<trkpt lat="47.27494" lon="2.92659"></trkpt>
<trkpt lat="47.27516" lon="2.92642"></trkpt>
<trkpt lat="47.27548" lon="2.92622"></trkpt>
<trkpt lat="47.27556" lon="2.92615"></trkpt>
<trkpt lat="47.27589" lon="2.9258"></trkpt>
<trkpt lat="47.27599" lon="2.92574"></trkpt>
<trkpt lat="47.27611" lon="2.9257"></trkpt>
<trkpt lat="47.27624" lon="2.92568"></trkpt>
<trkpt lat="47.27637" lon="2.92569"></trkpt>
<trkpt lat="47.2765" lon="2.92574"></trkpt>
<trkpt lat="47.27661" lon="2.92581"></trkpt>
<trkpt lat="47.27708" lon="2.92622"></trkpt>
<trkpt lat="47.2772" lon="2.92634"></trkpt>
<trkpt lat="47.27727" lon="2.92644"></trkpt>
<trkpt lat="47.27731" lon="2.92656"></trkpt>
<trkpt lat="47.27733" lon="2.9267"></trkpt>
<trkpt lat="47.27733" lon="2.92684"></trkpt>
<trkpt lat="47.2773" lon="2.92716"></trkpt>
<trkpt lat="47.2773" lon="2.92728"></trkpt>
<trkpt lat="47.27732" lon="2.9274"></trkpt>
<trkpt lat="47.27743" lon="2.92778"></trkpt>
<trkpt lat="47.27781" lon="2.92736"></trkpt>
<trkpt lat="47.27827" lon="2.92675"></trkpt>
<trkpt lat="47.27842" lon="2.92658"></trkpt>
<trkpt lat="47.27857" lon="2.92644"></trkpt>
<trkpt lat="47.27873" lon="2.9263"></trkpt>
<trkpt lat="47.2788" lon="2.92625"></trkpt>
<trkpt lat="47.2789" lon="2.92615"></trkpt>
<trkpt lat="47.27904" lon="2.92596"></trkpt>
<trkpt lat="47.27916" lon="2.92572"></trkpt>
<trkpt lat="47.27925" lon="2.9255"></trkpt>
<trkpt lat="47.27935" lon="2.92525"></trkpt>
<trkpt lat="47.27939" lon="2.9251"></trkpt>
<trkpt lat="47.27942" lon="2.92484"></trkpt>
<trkpt lat="47.27938" lon="2.92436"></trkpt>
<trkpt lat="47.27939" lon="2.9242"></trkpt>
<trkpt lat="47.27942" lon="2.92404"></trkpt>
<trkpt lat="47.27946" lon="2.92394"></trkpt>
<trkpt lat="47.27967" lon="2.92349"></trkpt>
<trkpt lat="47.27972" lon="2.92337"></trkpt>
<trkpt lat="47.27976" lon="2.92323"></trkpt>
<trkpt lat="47.27995" lon="2.9225"></trkpt>
<trkpt lat="47.28003" lon="2.92225"></trkpt>
<trkpt lat="47.28012" lon="2.92206"></trkpt>
<trkpt lat="47.28022" lon="2.92189"></trkpt>
<trkpt lat="47.28046" lon="2.92161"></trkpt>
<trkpt lat="47.28055" lon="2.92149"></trkpt>
<trkpt lat="47.28068" lon="2.92128"></trkpt>
<trkpt lat="47.28078" lon="2.92108"></trkpt>
<trkpt lat="47.28086" lon="2.92086"></trkpt>
<trkpt lat="47.2809" lon="2.92071"></trkpt>
<trkpt lat="47.28096" lon="2.91999"></trkpt>
<trkpt lat="47.28103" lon="2.91965"></trkpt>
<trkpt lat="47.28114" lon="2.9193"></trkpt>
<trkpt lat="47.28123" lon="2.9189"></trkpt>
<trkpt lat="47.28139" lon="2.91793"></trkpt>
<trkpt lat="47.2815" lon="2.91759"></trkpt>
<trkpt lat="47.28176" lon="2.9169"></trkpt>
<trkpt lat="47.28186" lon="2.91649"></trkpt>
<trkpt lat="47.28189" lon="2.91633"></trkpt>
<trkpt lat="47.2819" lon="2.91618"></trkpt>
<trkpt lat="47.2819" lon="2.91606"></trkpt>
<trkpt lat="47.28187" lon="2.91587"></trkpt>
<trkpt lat="47.28175" lon="2.91559"></trkpt>
<trkpt lat="47.28166" lon="2.91542"></trkpt>
<trkpt lat="47.28095" lon="2.91417"></trkpt>
<trkpt lat="47.28074" lon="2.91379"></trkpt>
<trkpt lat="47.27953" lon="2.91165"></trkpt>
<trkpt lat="47.27888" lon="2.9105"></trkpt>
<trkpt lat="47.27798" lon="2.90901"></trkpt>
<trkpt lat="47.27783" lon="2.90874"></trkpt>
<trkpt lat="47.27761" lon="2.90827"></trkpt>
<trkpt lat="47.27706" lon="2.90731"></trkpt>
<trkpt lat="47.27587" lon="2.90522"></trkpt>
<trkpt lat="47.27483" lon="2.90332"></trkpt>
<trkpt lat="47.27455" lon="2.90277"></trkpt>
<trkpt lat="47.27447" lon="2.90252"></trkpt>
<trkpt lat="47.2744" lon="2.90219"></trkpt>
<trkpt lat="47.27435" lon="2.9018"></trkpt>
<trkpt lat="47.27425" lon="2.90052"></trkpt>
<trkpt lat="47.27426" lon="2.89975"></trkpt>
<trkpt lat="47.27428" lon="2.89936"></trkpt>
<trkpt lat="47.27428" lon="2.89884"></trkpt>
<trkpt lat="47.27426" lon="2.89846"></trkpt>
<trkpt lat="47.27419" lon="2.89806"></trkpt>
<trkpt lat="47.27412" lon="2.8978"></trkpt>
<trkpt lat="47.27392" lon="2.89725"></trkpt>
<trkpt lat="47.2738" lon="2.89697"></trkpt>
<trkpt lat="47.27395" lon="2.8968"></trkpt>
<trkpt lat="47.27526" lon="2.89517"></trkpt>
<trkpt lat="47.2754" lon="2.89498"></trkpt>
<trkpt lat="47.27551" lon="2.8948"></trkpt>
<trkpt lat="47.27563" lon="2.89455"></trkpt>
<trkpt lat="47.27569" lon="2.89438"></trkpt>
<trkpt lat="47.27589" lon="2.89363"></trkpt>
<trkpt lat="47.27599" lon="2.89333"></trkpt>
<trkpt lat="47.27608" lon="2.89313"></trkpt>
<trkpt lat="47.27621" lon="2.89291"></trkpt>
<trkpt lat="47.27638" lon="2.89267"></trkpt>
<trkpt lat="47.27688" lon="2.89204"></trkpt>
<trkpt lat="47.27729" lon="2.89157"></trkpt>
<trkpt lat="47.27783" lon="2.89097"></trkpt>
<trkpt lat="47.27817" lon="2.89057"></trkpt>
<trkpt lat="47.27842" lon="2.89023"></trkpt>
<trkpt lat="47.27896" lon="2.8893"></trkpt>
<trkpt lat="47.27919" lon="2.88897"></trkpt>
<trkpt lat="47.27934" lon="2.88879"></trkpt>
<trkpt lat="47.2795" lon="2.88864"></trkpt>
<trkpt lat="47.28011" lon="2.88811"></trkpt>
<trkpt lat="47.28058" lon="2.8877"></trkpt>
<trkpt lat="47.2809" lon="2.88741"></trkpt>
<trkpt lat="47.28112" lon="2.88723"></trkpt>
<trkpt lat="47.28165" lon="2.88677"></trkpt>
<trkpt lat="47.28191" lon="2.88655"></trkpt>
<trkpt lat="47.28206" lon="2.88641"></trkpt>
<trkpt lat="47.2823" lon="2.8862"></trkpt>
<trkpt lat="47.28264" lon="2.88593"></trkpt>
<trkpt lat="47.28285" lon="2.88581"></trkpt>
<trkpt lat="47.283" lon="2.88577"></trkpt>
<trkpt lat="47.28317" lon="2.88574"></trkpt>
<trkpt lat="47.28348" lon="2.88568"></trkpt>
<trkpt lat="47.28413" lon="2.88556"></trkpt>
<trkpt lat="47.28422" lon="2.88554"></trkpt>
<trkpt lat="47.28446" lon="2.88549"></trkpt>
<trkpt lat="47.28462" lon="2.88544"></trkpt>
<trkpt lat="47.28483" lon="2.88532"></trkpt>
<trkpt lat="47.2849" lon="2.88526"></trkpt>
<trkpt lat="47.28498" lon="2.88516"></trkpt>
<trkpt lat="47.28531" lon="2.88471"></trkpt>
<trkpt lat="47.28566" lon="2.88435"></trkpt>
<trkpt lat="47.28622" lon="2.88383"></trkpt>
<trkpt lat="47.28632" lon="2.88373"></trkpt>
<trkpt lat="47.2869" lon="2.88322"></trkpt>
<trkpt lat="47.2871" lon="2.88306"></trkpt>
<trkpt lat="47.28732" lon="2.88292"></trkpt>
<trkpt lat="47.28843" lon="2.88229"></trkpt>
<trkpt lat="47.28916" lon="2.88181"></trkpt>
<trkpt lat="47.28961" lon="2.88148"></trkpt>
<trkpt lat="47.2902" lon="2.88107"></trkpt>
<trkpt lat="47.29044" lon="2.88092"></trkpt>
<trkpt lat="47.29074" lon="2.88078"></trkpt>
<trkpt lat="47.29134" lon="2.88053"></trkpt>
<trkpt lat="47.29281" lon="2.87997"></trkpt>
<trkpt lat="47.29301" lon="2.87989"></trkpt>
<trkpt lat="47.29348" lon="2.87973"></trkpt>
<trkpt lat="47.29388" lon="2.87961"></trkpt>
<trkpt lat="47.29656" lon="2.87886"></trkpt>
<trkpt lat="47.29718" lon="2.87868"></trkpt>
<trkpt lat="47.29734" lon="2.87861"></trkpt>
<trkpt lat="47.29742" lon="2.87858"></trkpt>
<trkpt lat="47.29759" lon="2.87849"></trkpt>
<trkpt lat="47.29797" lon="2.87822"></trkpt>
<trkpt lat="47.29819" lon="2.87802"></trkpt>
<trkpt lat="47.29857" lon="2.87762"></trkpt>
<trkpt lat="47.29873" lon="2.87741"></trkpt>
<trkpt lat="47.29945" lon="2.87634"></trkpt>
<trkpt lat="47.30015" lon="2.87533"></trkpt>
<trkpt lat="47.30025" lon="2.87518"></trkpt>
<trkpt lat="47.29998" lon="2.87448"></trkpt>
<trkpt lat="47.29925" lon="2.87271"></trkpt>
<trkpt lat="47.29909" lon="2.87242"></trkpt>
<trkpt lat="47.29888" lon="2.87214"></trkpt>
<trkpt lat="47.29878" lon="2.87196"></trkpt>
<trkpt lat="47.29874" lon="2.87185"></trkpt>
<trkpt lat="47.29865" lon="2.87143"></trkpt>
<trkpt lat="47.29861" lon="2.8713"></trkpt>
<trkpt lat="47.29856" lon="2.87118"></trkpt>
<trkpt lat="47.29829" lon="2.87071"></trkpt>
<trkpt lat="47.29809" lon="2.87021"></trkpt>
<trkpt lat="47.29785" lon="2.86952"></trkpt>
<trkpt lat="47.29777" lon="2.86936"></trkpt>
<trkpt lat="47.29768" lon="2.86923"></trkpt>
<trkpt lat="47.29753" lon="2.86904"></trkpt>
<trkpt lat="47.29749" lon="2.86895"></trkpt>
<trkpt lat="47.29746" lon="2.86875"></trkpt>
<trkpt lat="47.29747" lon="2.86866"></trkpt>
<trkpt lat="47.2975" lon="2.86855"></trkpt>
<trkpt lat="47.29757" lon="2.86838"></trkpt>
<trkpt lat="47.29781" lon="2.8679"></trkpt>
<trkpt lat="47.29788" lon="2.8678"></trkpt>
<trkpt lat="47.29806" lon="2.86761"></trkpt>
<trkpt lat="47.29815" lon="2.86749"></trkpt>
<trkpt lat="47.29819" lon="2.86737"></trkpt>
<trkpt lat="47.2982" lon="2.86719"></trkpt>
<trkpt lat="47.29818" lon="2.86709"></trkpt>
<trkpt lat="47.29809" lon="2.86683"></trkpt>
<trkpt lat="47.29804" lon="2.86662"></trkpt>
<trkpt lat="47.29801" lon="2.86643"></trkpt>
<trkpt lat="47.29808" lon="2.86642"></trkpt>
<trkpt lat="47.29825" lon="2.86646"></trkpt>
<trkpt lat="47.29858" lon="2.86659"></trkpt>
<trkpt lat="47.29892" lon="2.86669"></trkpt>
<trkpt lat="47.29906" lon="2.86672"></trkpt>
<trkpt lat="47.29911" lon="2.86673"></trkpt>
<trkpt lat="47.29927" lon="2.86674"></trkpt>
<trkpt lat="47.29939" lon="2.86673"></trkpt>
<trkpt lat="47.29957" lon="2.86672"></trkpt>
<trkpt lat="47.29977" lon="2.86668"></trkpt>
<trkpt lat="47.29988" lon="2.86665"></trkpt>
<trkpt lat="47.30014" lon="2.86664"></trkpt>
<trkpt lat="47.30027" lon="2.86666"></trkpt>
<trkpt lat="47.30042" lon="2.8667"></trkpt>
<trkpt lat="47.30054" lon="2.86675"></trkpt>
    </trkseg>
  </trk>
</gpx>
